SALE TYPE,SOLD DATE,PROPERTY TYPE,ADDRESS,CITY,STATE OR PROVINCE,ZIP OR POSTAL CODE,PRICE,BEDS,BATHS,LOCATION,SQUARE FEET,LOT SIZE,YEAR BUILT,DAYS ON MARKET,$/SQUARE FEET,HOA/MONTH,STATUS,NEXT OPEN HOUSE START TIME,NEXT OPEN HOUSE END TIME,URL (SEE https://www.redfin.com/buy-a-home/comparative-market-analysis FOR INFO ON PRICING),SOURCE,MLS#,FAVORITE,INTERESTED,LATITUDE,LONGITUDE
"In accordance with local MLS rules, some MLS listings are not included in the download"
PAST SALE,October-20-2021,Single Family Residential,1124 45th Pl SE,Washington,DC,20019,455000,3,2.0,FORT DUPONT PARK,1702,422532,2020,,267,,Sold,,,https://www.redfin.com/DC/Washington/1124-45th-Pl-SE-20019/home/10136502,BRIGHT MLS,DCDC2017888,N,Y,38.8775659,-76.9354206
PAST SALE,,Condo/Co-op,224 S St NE #2,Washington,DC,20002,663000,3,3.0,,1293,,1923,,513,,,,,https://www.redfin.com/DC/Washington/224-S-St-NE-20002/unit-2/home/10349929,,,N,Y,38.9143127,-77.0025519
PAST SALE,May-19-2021,Townhouse,1414 Foxhall Rd NW,Washington,DC,20007,1100000,3,2.0,PALISADES,1918,2172,1919,,574,,Sold,,,https://www.redfin.com/DC/Washington/1414-Foxhall-Rd-NW-20007/home/9939296,BRIGHT MLS,DCDC522860,N,Y,38.9075447,-77.0819294
PAST SALE,March-25-2021,Townhouse,1874 Monroe St NW,Washington,DC,20010,931000,3,2.0,MOUNT PLEASANT,2570,1610,1910,,362,,Sold,,,https://www.redfin.com/DC/Washington/1874-Monroe-St-NW-20010/home/10010014,BRIGHT MLS,DCDC509032,N,Y,38.9330877,-77.0436661
PAST SALE,August-3-2020,Townhouse,821 Madison St NW,Washington,DC,20011,780000,3,3.5,PETWORTH,2343,1800,1925,,333,,Sold,,,https://www.redfin.com/DC/Washington/821-Madison-St-NW-20011/home/10038988,BRIGHT MLS,DCDC476018,N,Y,38.9586266,-77.0250753
PAST SALE,,Townhouse,1115 4th St SE,Washington,DC,20003,1400000,4,4.5,,1868,881,2012,,749,,,,,https://www.redfin.com/DC/Washington/1115-4th-St-SE-20003/home/45504756,,,N,Y,38.8770666,-77.0007974
PAST SALE,March-11-2022,Townhouse,836 Lamont St NW Unit B,Washington,DC,20010,715000,2,2.5,Columbia Heights,1170,,2005,,611,150,Sold,,,https://www.redfin.com/DC/Washington/836-Lamont-St-NW-20010/unit-B/home/107586821,BRIGHT MLS,DCDC2039740,N,Y,38.9307014,-77.0261014
PAST SALE,December-11-2023,Townhouse,1240 I St NE,Washington,DC,20002,650000,2,1.0,Old City 1,1428,1200,1918,,455,,Sold,,,https://www.redfin.com/DC/Washington/1240-I-St-NE-20002/home/9909584,BRIGHT MLS,DCDC2121756,N,Y,38.9014915,-76.9886691
PAST SALE,June-15-2023,Townhouse,422 15th St SE,Washington,DC,20003,990000,3,2.5,Old City 1,1338,1233,1900,,740,,Sold,,,https://www.redfin.com/DC/Washington/422-15th-St-SE-20003/home/9919140,BRIGHT MLS,DCDC2100678,N,Y,38.8834958,-76.9834085
PAST SALE,,Single Family Residential,6208 5th St NW,Washington,DC,20011,580000,3,1.5,,1054,1856,1925,,550,,,,,https://www.redfin.com/DC/Washington/6208-5th-St-NW-20011/home/10055389,,,N,Y,38.9653704,-77.0200986
PAST SALE,May-5-2021,Townhouse,1631 R St SE,Washington,DC,20020,450000,3,2.0,ANACOSTIA,1466,1338,1939,,307,,Sold,,,https://www.redfin.com/DC/Washington/1631-R-St-SE-20020/home/10149452,BRIGHT MLS,DCDC516626,N,Y,38.86927,-76.981138
PAST SALE,July-15-2024,Townhouse,2035 2nd St NE,Washington,DC,20002,860000,4,3.5,Eckington,1796,1834,1917,,479,,Sold,,,https://www.redfin.com/DC/Washington/2035-2nd-St-NE-20002/home/10075133,BRIGHT MLS,DCDC2146038,N,Y,38.9177112,-77.0033196
PAST SALE,January-3-2025,Single Family Residential,4224 16th St NW,Washington,DC,20011,1885000,8,5.5,Crestwood,6671,7423,1921,,283,,Sold,,,https://www.redfin.com/DC/Washington/4224-16th-St-NW-20011/home/55187929,BRIGHT MLS,DCDC2173126,N,Y,38.9428059,-77.0368775
PAST SALE,April-27-2022,Townhouse,1013 Fairmont St NW,Washington,DC,20001,800000,3,2.0,Columbia Heights,1578,1063,1911,,507,,Sold,,,https://www.redfin.com/DC/Washington/1013-Fairmont-St-NW-20001/home/10030079,BRIGHT MLS,DCDC2039294,N,Y,38.9250351,-77.0262427
PAST SALE,November-12-2024,Townhouse,841 Hr Dr SE,Washington,DC,20032,423000,3,2.5,Congress Heights,1804,1342,2000,,234,150,Sold,,,https://www.redfin.com/DC/Washington/841-Hr-Dr-SE-20032/home/10182152,BRIGHT MLS,DCDC2163292,N,Y,38.8296667,-76.9919602
PAST SALE,June-25-2021,Single Family Residential,5411 N Capitol St NE,Washington,DC,20011,710000,3,2.5,CHILLUM,2521,4200,1938,,282,,Sold,,,https://www.redfin.com/DC/Washington/5411-N-Capitol-St-NE-20011/home/10077941,BRIGHT MLS,DCDC524062,N,Y,38.9561337,-77.0087544
PAST SALE,October-14-2020,Townhouse,3542 13th St NW #1,Washington,DC,20010,800000,3,3.5,COLUMBIA HEIGHTS,1567,,1911,,511,228,Sold,,,https://www.redfin.com/DC/Washington/3542-13th-St-NW-20010/unit-1/home/107587448,BRIGHT MLS,DCDC487352,N,Y,38.9335632,-77.0300091
PAST SALE,December-9-2020,Townhouse,5410 8th St NW,Washington,DC,20011,670000,4,2.5,PETWORTH,2150,1348,1913,,312,,Sold,,,https://www.redfin.com/DC/Washington/5410-8th-St-NW-20011/home/10039615,BRIGHT MLS,DCDC492320,N,Y,38.9557118,-77.0242486
PAST SALE,August-28-2020,Townhouse,4605-1/2 Macarthur Blvd NW Unit B,Washington,DC,20007,674000,2,2.5,BERKLEY,1190,,1900,,566,698,Sold,,,https://www.redfin.com/DC/Washington/4605-MacArthur-Blvd-NW-20007/unit-B/home/9940115,BRIGHT MLS,DCDC478712,N,Y,38.9114946,-77.0891942
PAST SALE,August-9-2022,Townhouse,329 L St NE,Washington,DC,20002,575000,2,1.0,Old City 1,672,513,1912,,856,,Sold,,,https://www.redfin.com/DC/Washington/329-L-St-NE-20002/home/9892446,BRIGHT MLS,DCDC2051106,N,Y,38.9035494,-77.0009836
PAST SALE,April-11-2022,Single Family Residential,1512 Lawrence St NE,Washington,DC,20017,985000,4,2.5,Brookland,1815,5400,1919,,543,,Sold,,,https://www.redfin.com/DC/Washington/1512-Lawrence-St-NE-20017/home/10093561,BRIGHT MLS,DCDC2040102,N,Y,38.93213,-76.9833559
PAST SALE,October-6-2021,Townhouse,1321 Otis Pl NW,Washington,DC,20010,935000,5,2.0,COLUMBIA HEIGHTS,2150,1958,1909,,435,,Sold,,,https://www.redfin.com/DC/Washington/1321-Otis-Pl-NW-20010/home/10026546,BRIGHT MLS,DCDC2011286,N,Y,38.9347464,-77.0304986
PAST SALE,August-30-2021,Townhouse,4707 Sargent Rd NE,Washington,DC,20017,630000,4,3.5,RIGGS PARK,2040,3039,1974,,309,,Sold,,,https://www.redfin.com/DC/Washington/4707-Sargent-Rd-NE-20017/home/10092778,BRIGHT MLS,DCDC2004938,N,Y,38.9471427,-76.9889016
PAST SALE,September-14-2020,Townhouse,1177 3rd St NE,Washington,DC,20002,779000,3,2.5,OLD CITY I,1080,809,1925,,721,,Sold,,,https://www.redfin.com/DC/Washington/1177-3rd-St-NE-20002/home/9892394,BRIGHT MLS,DCDC480118,N,Y,38.9054553,-77.0018136
PAST SALE,March-25-2022,Townhouse,717 Oneida Pl NW,Washington,DC,20011,800000,3,2.5,Brightwood,1790,1938,1950,,447,,Sold,,,https://www.redfin.com/DC/Washington/717-Oneida-Pl-NW-20011/home/10179782,BRIGHT MLS,DCDC2037352,N,Y,38.9621485,-77.0233218
PAST SALE,October-8-2021,Townhouse,1417 Taylor St NW,Washington,DC,20011,892500,4,2.5,COLUMBIA HEIGHTS,2112,1980,1923,,423,,Sold,,,https://www.redfin.com/DC/Washington/1417-Taylor-St-NW-20011/home/10015916,BRIGHT MLS,DCDC2010192,N,Y,38.9410259,-77.0334966
PAST SALE,July-27-2020,Townhouse,4009 5th St NW,Washington,DC,20011,735000,4,2.0,PETWORTH,1922,1800,1917,,382,,Sold,,,https://www.redfin.com/DC/Washington/4009-5th-St-NW-20011/home/10059620,BRIGHT MLS,DCDC476102,N,Y,38.9403213,-77.0189334
PAST SALE,August-19-2020,Townhouse,4309 4th St NW,Washington,DC,20011,891000,4,3.5,PETWORTH,2068,1900,1923,,431,,Sold,,,https://www.redfin.com/DC/Washington/4309-4th-St-NW-20011/home/10064408,BRIGHT MLS,DCDC477608,N,Y,38.9435447,-77.0169881
PAST SALE,November-15-2021,Townhouse,425 7th St SE,Washington,DC,20003,1150000,3,3.5,CAPITOL HILL,1556,1445,1962,,739,,Sold,,,https://www.redfin.com/DC/Washington/425-7th-St-SE-20003/home/9900562,BRIGHT MLS,DCDC2013180,N,Y,38.8830842,-76.9964259
PAST SALE,September-18-2020,Single Family Residential,1159 4th St NE,Washington,DC,20002,1081000,3,2.5,OLD CITY I,1636,1900,1890,,661,,Sold,,,https://www.redfin.com/DC/Washington/1159-4th-St-NE-20002/home/10228055,BRIGHT MLS,DCDC482408,N,Y,38.9053266,-77.0003203
PAST SALE,December-11-2020,Townhouse,111 Rock Creek Church Rd NW,Washington,DC,20011,775000,3,3.5,PETWORTH,1924,1894,1917,,403,,Sold,,,https://www.redfin.com/DC/Washington/111-Rock-Creek-Church-Rd-NW-20011/home/10065588,BRIGHT MLS,DCDC497836,N,Y,38.9429457,-77.0128032
PAST SALE,May-7-2021,Townhouse,5528 13th St NW,Washington,DC,20011,1085000,4,4.0,16TH ST. HEIGHTS,2582,1976,1920,,420,,Sold,,,https://www.redfin.com/DC/Washington/5528-13th-St-NW-20011/home/10024335,BRIGHT MLS,DCDC511200,N,Y,38.9571626,-77.0300363
PAST SALE,November-9-2020,Townhouse,4706 8th St NW,Washington,DC,20011,835000,3,3.5,PETWORTH,1879,1530,1923,,444,,Sold,,,https://www.redfin.com/DC/Washington/4706-8th-St-NW-20011/home/10041162,BRIGHT MLS,DCDC490498,N,Y,38.9475696,-77.0238448
PAST SALE,April-18-2025,Single Family Residential,1329 Tuckerman St NW,Washington,DC,20011,857500,4,2.5,Brightwood,2434,4253,1939,,352,,Sold,,,https://www.redfin.com/DC/Washington/1329-Tuckerman-St-NW-20011/home/10023057,BRIGHT MLS,DCDC2187846,N,Y,38.9677575,-77.0310348
PAST SALE,August-27-2021,Single Family Residential,1362 Hamilton St NW,Washington,DC,20011,1063000,3,3.0,16TH ST. HEIGHTS,1760,5334,1928,,604,,Sold,,,https://www.redfin.com/DC/Washington/1362-Hamilton-St-NW-20011/home/10024883,BRIGHT MLS,DCDC2005814,N,Y,38.9526779,-77.0321808
PAST SALE,April-30-2021,Townhouse,927 W St NW,Washington,DC,20001,823250,2,1.5,OLD CITY II,1200,703,1890,,686,,Sold,,,https://www.redfin.com/DC/Washington/927-W-St-NW-20001/home/9876883,BRIGHT MLS,DCDC2000282,N,Y,38.9193614,-77.0258167
PAST SALE,January-14-2021,Townhouse,1138 5th St NE,Washington,DC,20002,885000,3,2.0,OLD CITY I,1827,1600,1890,,484,,Sold,,,https://www.redfin.com/DC/Washington/1138-5th-St-NE-20002/home/10177294,BRIGHT MLS,DCDC498658,N,Y,38.9047111,-76.999775
PAST SALE,June-4-2021,Townhouse,5028 Sargent Rd NE,Washington,DC,20017,630000,3,2.0,RIGGS PARK,1652,2335,1947,,381,,Sold,,,https://www.redfin.com/DC/Washington/5028-Sargent-Rd-NE-20017/home/10089566,BRIGHT MLS,DCDC520178,N,Y,38.9513757,-76.9897888
PAST SALE,April-21-2021,Townhouse,1104 Park St NE,Washington,DC,20002,915000,3,1.5,OLD CITY I,1028,1377,1920,,890,,Sold,,,https://www.redfin.com/DC/Washington/1104-Park-St-NE-20002/home/9908482,BRIGHT MLS,DCDC512172,N,Y,38.8929754,-76.9912513
PAST SALE,September-18-2020,Townhouse,1850 East West Hwy,Silver Spring,MD,20910,295000,2,1.0,CHEVY CHASE CREST,755,,1950,,391,299,Sold,,,https://www.redfin.com/MD/Silver-Spring/1850-East-West-Hwy-20910/home/171195630,BRIGHT MLS,MDMC721376,N,Y,38.9958922,-77.0410379
PAST SALE,February-24-2023,Townhouse,908 East Meadows Ct,Oxon Hill,MD,20745,310000,3,2.0,EAST MEADOWS,1040,2005,1955,,298,,Sold,,,https://www.redfin.com/MD/Oxon-Hill/908-E-Meadows-Ct-20745/home/10777620,BRIGHT MLS,MDPG2069166,N,Y,38.8246007,-76.9961161
PAST SALE,February-10-2022,Single Family Residential,1311 Farragut St NW,Washington,DC,20011,1183417,5,2.5,16th Street Heights,2486,5574,1920,,476,,Sold,,,https://www.redfin.com/DC/Washington/1311-Farragut-St-NW-20011/home/10024904,BRIGHT MLS,DCDC2027538,N,Y,38.951007,-77.0308004
PAST SALE,July-20-2020,Townhouse,3417 Baker St NE,Washington,DC,20019,360100,2,1.0,LILY PONDS,1230,1600,1941,,293,,Sold,,,https://www.redfin.com/DC/Washington/3417-Baker-St-NE-20019/home/10117686,BRIGHT MLS,DCDC472996,N,Y,38.892558,-76.9567919
PAST SALE,,Townhouse,616 Quebec Pl NW #3,Washington,DC,20010,700000,5,2.0,,,2885,1915,,,,,,,https://www.redfin.com/DC/Washington/616-Quebec-Pl-NW-20010/unit-3/home/10042700,,,N,Y,38.936373,-77.0197735
PAST SALE,May-25-2022,Townhouse,811 Euclid St NW,Washington,DC,20001,952000,3,2.0,Columbia Heights,1676,2494,1923,,568,,Sold,,,https://www.redfin.com/DC/Washington/811-Euclid-St-NW-20001/home/10031507,BRIGHT MLS,DCDC2043834,N,Y,38.9242111,-77.024167
PAST SALE,May-7-2021,Townhouse,2532 Queen Annes Ln NW,Washington,DC,20037,1100000,3,2.5,FOGGY BOTTOM,1626,989,1961,,677,,Sold,,,https://www.redfin.com/DC/Washington/2532-Queen-Annes-Ln-NW-20037/home/9042162,BRIGHT MLS,DCDC515882,N,Y,38.9013919,-77.0543964
PAST SALE,October-13-2020,Townhouse,1118 Abbey Pl NE,Washington,DC,20002,809750,3,2.0,OLD CITY I,1440,1038,1924,,562,,Sold,,,https://www.redfin.com/DC/Washington/1118-Abbey-Pl-NE-20002/home/9892309,BRIGHT MLS,DCDC483692,N,Y,38.9043361,-77.0014888
PAST SALE,December-21-2020,Townhouse,416 D St NE,Washington,DC,20002,752000,2,1.5,OLD CITY I,1224,1079,1890,,614,,Sold,,,https://www.redfin.com/DC/Washington/416-D-St-NE-20002/home/9895390,BRIGHT MLS,DCDC497616,N,Y,38.8949196,-76.9998027
PAST SALE,August-18-2020,Townhouse,4961 12th St NE,Washington,DC,20017,541000,3,2.0,RIGGS PARK,1696,2330,1947,,319,,Sold,,,https://www.redfin.com/DC/Washington/4961-12th-St-NE-20017/home/10089609,BRIGHT MLS,DCDC478286,N,Y,38.9498141,-76.9902962
PAST SALE,October-21-2020,Townhouse,1607 D St SE,Washington,DC,20003,1011607,4,3.5,OLD CITY I,1714,1098,1909,,590,,Sold,,,https://www.redfin.com/DC/Washington/1607-D-St-SE-20003/home/9920574,BRIGHT MLS,DCDC487314,N,Y,38.8839282,-76.9818534
PAST SALE,September-15-2020,Townhouse,256 14th St NE,Washington,DC,20002,625000,2,1.0,OLD CITY I,768,792,1913,,814,,Sold,,,https://www.redfin.com/DC/Washington/256-14th-St-NE-20002/home/9913631,BRIGHT MLS,DCDC482414,N,Y,38.8932848,-76.985753
PAST SALE,May-9-2022,Townhouse,2211 12th Pl NW,Washington,DC,20009,847500,2,1.5,Old City 2,912,756,1900,,929,,Sold,,,https://www.redfin.com/DC/Washington/2211-12th-Pl-NW-20009/home/9873477,BRIGHT MLS,DCDC2040956,N,Y,38.9196149,-77.0286739
PAST SALE,May-26-2021,Townhouse,5876 Eastern Ave NE,Washington,DC,20011,545000,2,2.5,RIGGS PARK,1584,2264,1955,,344,,Sold,,,https://www.redfin.com/DC/Washington/5876-Eastern-Ave-NE-20011/home/10080357,BRIGHT MLS,DCDC517324,N,Y,38.9608673,-76.9966209
PAST SALE,May-21-2021,Townhouse,3512 New Hampshire Ave NW #2,Washington,DC,20010,670000,2,2.0,COLUMBIA HEIGHTS,1194,,1912,,561,390,Sold,,,https://www.redfin.com/DC/Washington/3512-New-Hampshire-Ave-NW-20010/unit-2/home/17183019,BRIGHT MLS,DCDC518432,N,Y,38.9331602,-77.0269708
PAST SALE,August-15-2024,Townhouse,1637 Irving St NW,Washington,DC,20010,1360000,4,2.0,Mount Pleasant,2486,2348,1917,,547,,Sold,,,https://www.redfin.com/DC/Washington/1637-Irving-St-NW-20010/home/10007790,BRIGHT MLS,DCDC2148146,N,Y,38.9289825,-77.0385227
PAST SALE,April-8-2021,Townhouse,503 D St SE,Washington,DC,20003,857000,3,1.0,CAPITOL HILL,1494,1030,1890,,574,,Sold,,,https://www.redfin.com/DC/Washington/503-D-St-SE-20003/home/9897545,BRIGHT MLS,DCDC510254,N,Y,38.8841144,-76.9992473
PAST SALE,March-21-2022,Townhouse,812 Farragut St NW,Washington,DC,20011,864256,3,2.0,Petworth,2098,2850,1924,,412,,Sold,,,https://www.redfin.com/DC/Washington/812-Farragut-St-NW-20011/home/10040545,BRIGHT MLS,DCDC2037582,N,Y,38.9506823,-77.0247239
PAST SALE,June-27-2022,Single Family Residential,3021 15th St NE,Washington,DC,20017,1300000,4,5.0,Brookland,3737,5750,1910,,348,,Sold,,,https://www.redfin.com/DC/Washington/3021-15th-St-NE-20017/home/10093868,BRIGHT MLS,DCDC2049138,N,Y,38.9287671,-76.9838691
PAST SALE,September-22-2020,Townhouse,619 12th St NE,Washington,DC,20002,980000,3,2.5,OLD CITY I,2020,1293,1915,,485,,Sold,,,https://www.redfin.com/DC/Washington/619-12th-St-NE-20002/home/9910202,BRIGHT MLS,DCDC483562,N,Y,38.8981651,-76.9899092
PAST SALE,August-22-2023,Townhouse,1850 Park Rd NW,Washington,DC,20010,1410000,4,3.5,Mount Pleasant,3000,2200,1911,,470,,Sold,,,https://www.redfin.com/DC/Washington/1850-Park-Rd-NW-20010/home/10009045,BRIGHT MLS,DCDC2106182,N,Y,38.9322546,-77.043538
PAST SALE,May-10-2021,Townhouse,5242 Colorado Ave NW,Washington,DC,20011,1105000,4,3.0,16TH ST. HEIGHTS,3140,3046,1921,,352,,Sold,,,https://www.redfin.com/DC/Washington/5242-Colorado-Ave-NW-20011/home/10017602,BRIGHT MLS,DCDC516766,N,Y,38.9541499,-77.0352931
PAST SALE,May-12-2025,Townhouse,3212 Theodore R Hagans Dr NE,Washington,DC,20018,720000,4,3.0,Fort Lincoln,2533,2533,2007,,284,140,Sold,,,https://www.redfin.com/DC/Washington/3212-Theodore-R-Hagans-Dr-NE-20018/home/21646391,BRIGHT MLS,DCDC2189350,N,Y,38.9231611,-76.9614129
PAST SALE,April-5-2024,Townhouse,1869 California St NW,Washington,DC,20009,2051000,7,4.5,Kalorama,4218,1553,1909,,486,,Sold,,,https://www.redfin.com/DC/Washington/1869-California-St-NW-20009/unit-B/home/10003602,BRIGHT MLS,DCDC2126142,N,Y,38.9179955,-77.0439246
PAST SALE,January-10-2022,Single Family Residential,3816 20th St NE,Washington,DC,20018,699500,4,2.0,MICHIGAN PARK,1672,3019,1931,,418,,Sold,,,https://www.redfin.com/DC/Washington/3816-20th-St-NE-20018/home/10101735,BRIGHT MLS,DCDC2022230,N,Y,38.9368832,-76.9765166
PAST SALE,October-5-2020,Single Family Residential,4800 Park Ave,Bethesda,MD,20816,1200000,4,3.5,AMERICAN UNIV PARK,3120,5462,1933,,385,,Sold,,,https://www.redfin.com/MD/Bethesda/4800-Park-Ave-20816/home/10638376,BRIGHT MLS,MDMC723242,N,Y,38.9548031,-77.0945142
PAST SALE,November-4-2024,Townhouse,1411 11th St NW Unit B,Washington,DC,20001,710000,2,1.5,Old City 2,1087,,2006,,653,534,Sold,,,https://www.redfin.com/DC/Washington/1411-11th-St-NW-20001/unit-B/home/22675937,BRIGHT MLS,DCDC2163104,N,Y,38.9089688,-77.0267619
PAST SALE,February-23-2021,Townhouse,513 Decatur St NW,Washington,DC,20011,905000,3,3.5,PETWORTH,2184,1700,1925,,414,,Sold,,,https://www.redfin.com/DC/Washington/513-Decatur-St-NW-20011/home/10057870,BRIGHT MLS,DCDC502732,N,Y,38.9486251,-77.0201534
PAST SALE,April-30-2021,Single Family Residential,3414 Carpenter St SE,Washington,DC,20020,685000,4,3.5,HILLCREST,2456,5652,1942,,279,,Sold,,,https://www.redfin.com/DC/Washington/3414-Carpenter-St-SE-20020/home/10145270,BRIGHT MLS,DCDC515416,N,Y,38.8706479,-76.9559119
PAST SALE,October-29-2021,Townhouse,314 14th St NE,Washington,DC,20002,725000,2,1.5,OLD CITY I,832,1188,1913,,871,,Sold,,,https://www.redfin.com/DC/Washington/314-14th-St-NE-20002/home/9913468,BRIGHT MLS,DCDC2000259,N,Y,38.8939541,-76.9857816
PAST SALE,December-18-2020,Single Family Residential,1626 Decatur St NW,Washington,DC,20011,1210000,4,3.0,CRESTWOOD,2446,9000,1953,,495,,Sold,,,https://www.redfin.com/DC/Washington/1626-Decatur-St-NW-20011/home/10012591,BRIGHT MLS,DCDC496496,N,Y,38.9480313,-77.0381032
PAST SALE,July-30-2020,Single Family Residential,4413 Colorado Ave NW,Washington,DC,20011,1181000,4,3.0,CRESTWOOD,2402,5762,1957,,492,,Sold,,,https://www.redfin.com/DC/Washington/4413-Colorado-Ave-NW-20011/home/10013002,BRIGHT MLS,DCDC472702,N,Y,38.9453112,-77.0439087
PAST SALE,March-16-2021,Townhouse,520 Newton Pl NW,Washington,DC,20010,1033000,4,3.5,COLUMBIA HEIGHTS,2462,1874,1912,,420,,Sold,,,https://www.redfin.com/DC/Washington/520-Newton-Pl-NW-20010/home/10043272,BRIGHT MLS,DCDC508500,N,Y,38.9336963,-77.0216241
PAST SALE,February-5-2021,Townhouse,475 Madison St NE,Washington,DC,20011,655000,3,2.5,RIGGS PARK,1632,3773,1950,,401,,Sold,,,https://www.redfin.com/DC/Washington/475-Madison-St-NE-20011/home/10081097,BRIGHT MLS,DCDC501958,N,Y,38.9583449,-76.9988477
PAST SALE,November-1-2021,Townhouse,728 9th St SE,Washington,DC,20003,1141000,3,2.5,OLD CITY I,1440,815,1888,,792,,Sold,,,https://www.redfin.com/DC/Washington/728-9th-St-SE-20003/home/9905693,BRIGHT MLS,DCDC2016718,N,Y,38.8803834,-76.9934786
PAST SALE,June-4-2021,Townhouse,3437 Carpenter St SE,Washington,DC,20020,600000,3,3.0,HILLCREST,1695,4929,1937,,354,,Sold,,,https://www.redfin.com/DC/Washington/3437-Carpenter-St-SE-20020/home/10145420,BRIGHT MLS,DCDC521014,N,Y,38.8701555,-76.9552772
PAST SALE,July-14-2023,Townhouse,7528 8th St NW,Washington,DC,20012,676383,3,2.5,Brightwood,1632,,1948,,414,,Sold,,,https://www.redfin.com/DC/Washington/7528-8th-St-NW-20012/home/10037263,BRIGHT MLS,DCDC2101194,N,Y,38.9817605,-77.0247064
PAST SALE,April-12-2021,Townhouse,5016 9th St NW,Washington,DC,20011,925000,3,4.0,PETWORTH,2438,2337,1930,,379,,Sold,,,https://www.redfin.com/DC/Washington/5016-9th-St-NW-20011/home/10040410,BRIGHT MLS,DCDC504950,N,Y,38.9514177,-77.0257885
PAST SALE,May-10-2021,Townhouse,1422 12th St NW,Washington,DC,20005,1305000,3,3.0,OLD CITY II,2050,1063,1889,,637,,Sold,,,https://www.redfin.com/DC/Washington/1422-12th-St-NW-20005/home/81803585,BRIGHT MLS,DCDC2000342,N,Y,38.9092536,-77.0283054
PAST SALE,August-31-2021,Townhouse,245 9th St NE,Washington,DC,20002,1431000,5,3.5,OLD CITY I,2595,1777,1913,,551,,Sold,,,https://www.redfin.com/DC/Washington/245-9th-St-NE-20002/unit-B/home/9904516,BRIGHT MLS,DCDC2003998,N,Y,38.8931918,-76.9935236
PAST SALE,October-5-2021,Townhouse,941 Owens Rd,Oxon Hill,MD,20745,300000,4,2.0,EAST MEADOWS,1040,3374,1955,,288,,Sold,,,https://www.redfin.com/MD/Oxon-Hill/941-Owens-Rd-20745/home/10778443,BRIGHT MLS,MDPG2010736,N,Y,38.8246427,-76.9943865
PAST SALE,November-6-2020,Townhouse,516 24th St NE,Washington,DC,20002,550000,2,1.0,OLD CITY I,1220,1600,1928,,451,,Sold,,,https://www.redfin.com/DC/Washington/516-24th-St-NE-20002/home/10112613,BRIGHT MLS,DCDC492062,N,Y,38.8966418,-76.9728684
PAST SALE,March-11-2022,Townhouse,739 Kennedy St NE,Washington,DC,20011,756700,4,2.5,Riggs Park,1504,2838,1951,,503,,Sold,,,https://www.redfin.com/DC/Washington/739-Kennedy-St-NE-20011/home/10081815,BRIGHT MLS,DCDC2033946,N,Y,38.9571016,-76.9955689
PAST SALE,May-14-2021,Townhouse,506 6th St NE,Washington,DC,20002,1910000,5,6.0,OLD CITY I,3996,1940,2003,,478,,Sold,,,https://www.redfin.com/DC/Washington/506-6th-St-NE-20002/home/10337098,BRIGHT MLS,DCDC514406,N,Y,38.8965999,-76.9986531
PAST SALE,July-27-2021,Townhouse,1052 Quebec Pl NW,Washington,DC,20010,741000,3,2.0,COLUMBIA HEIGHTS,1458,1016,1923,,508,,Sold,,,https://www.redfin.com/DC/Washington/1052-Quebec-Pl-NW-20010/home/10033816,BRIGHT MLS,DCDC2000452,N,Y,38.9367405,-77.0289895
PAST SALE,July-24-2020,Townhouse,810 L St NE,Washington,DC,20002,961000,4,3.5,OLD CITY I,2124,1674,1922,,452,,Sold,,,https://www.redfin.com/DC/Washington/810-L-St-NE-20002/home/9902114,BRIGHT MLS,DCDC472388,N,Y,38.9039088,-76.994448
PAST SALE,June-24-2022,Townhouse,3469 14th St NW,Washington,DC,20010,1400000,6,3.0,Columbia Heights,2346,1980,1910,,597,,Sold,,,https://www.redfin.com/DC/Washington/3469-14th-St-NW-20010/home/10027765,BRIGHT MLS,DCDC2030960,N,Y,38.9342098,-77.0324577
PAST SALE,May-26-2021,Townhouse,2329 17th St NW,Washington,DC,20009,850000,2,2.0,MOUNT PLEASANT,920,960,1914,,924,,Sold,,,https://www.redfin.com/DC/Washington/2329-17th-St-NW-20009/home/10005577,BRIGHT MLS,DCDC518226,N,Y,38.9211122,-77.0386877
PAST SALE,October-22-2021,Townhouse,46 Adams St NW,Washington,DC,20001,1510000,4,3.5,LEDROIT PARK,2730,2450,1912,,553,,Sold,,,https://www.redfin.com/DC/Washington/46-Adams-St-NW-20001/home/10049817,BRIGHT MLS,DCDC2008844,N,Y,38.9200005,-77.0107352
PAST SALE,July-12-2021,Townhouse,148 Todd Pl NE,Washington,DC,20002,912500,4,2.5,ECKINGTON,1809,1824,1913,,504,,Sold,,,https://www.redfin.com/DC/Washington/148-Todd-Pl-NE-20002/home/10073368,BRIGHT MLS,DCDC520628,N,Y,38.9164405,-77.0046035
PAST SALE,July-29-2020,Townhouse,605 G St SE,Washington,DC,20003,1028000,3,3.5,OLD CITY I,1772,1249,1893,,580,,Sold,,,https://www.redfin.com/DC/Washington/605-G-St-SE-20003/home/9900786,BRIGHT MLS,DCDC473556,N,Y,38.8810882,-76.9980269
PAST SALE,November-13-2020,Single Family Residential,2501 Brentwood Rd NE,Washington,DC,20018,635000,4,2.5,WOODRIDGE,2574,3753,1932,,247,,Sold,,,https://www.redfin.com/DC/Washington/2501-Brentwood-Rd-NE-20018/home/10105883,BRIGHT MLS,DCDC488026,N,Y,38.9312039,-76.9707396
PAST SALE,July-8-2025,Townhouse,1448 Sheridan St NW,Washington,DC,20011,745000,3,3.5,Brightwood,2392,2284,1950,,311,,Sold,,,https://www.redfin.com/DC/Washington/1448-Sheridan-St-NW-20011/home/10018535,BRIGHT MLS,DCDC2195486,N,Y,38.9659468,-77.0350247
PAST SALE,March-15-2021,Townhouse,1722 Girard St NE,Washington,DC,20018,682000,3,3.5,WOODRIDGE,1652,1443,1946,,413,,Sold,,,https://www.redfin.com/DC/Washington/1722-Girard-St-NE-20018/home/10099297,BRIGHT MLS,DCDC508882,N,Y,38.9268302,-76.9795246
PAST SALE,April-13-2022,Townhouse,3071 Hawthorne Dr NE #3071,Washington,DC,20017,425000,2,1.5,Brookland,1100,,1981,,386,383,Sold,,,https://www.redfin.com/DC/Washington/3071-Hawthorne-Dr-NE-20017/unit-3071/home/10070366,BRIGHT MLS,DCDC2036788,N,Y,38.92774,-77.006763
PAST SALE,April-6-2022,Single Family Residential,4531 Warren St NW,Washington,DC,20016,1914500,5,3.5,American University,2940,3646,1936,,651,,Sold,,,https://www.redfin.com/DC/Washington/4531-Warren-St-NW-20016/home/9948396,BRIGHT MLS,DCDC2037272,N,Y,38.9449807,-77.0898484
PAST SALE,July-27-2021,Townhouse,1824 11th St NW,Washington,DC,20001,1250000,3,1.5,OLD CITY II,1362,1616,1870,,918,,Sold,,,https://www.redfin.com/DC/Washington/1824-11th-St-NW-20001/home/9875412,BRIGHT MLS,DCDC522034,N,Y,38.9150817,-77.0272982
PAST SALE,April-5-2022,Townhouse,340 Elm St NW,Washington,DC,20001,905124,3,2.5,Ledroit Park,1553,834,1906,,583,,Sold,,,https://www.redfin.com/DC/Washington/340-Elm-St-NW-20001/home/10045699,BRIGHT MLS,DCDC2037482,N,Y,38.9172717,-77.0172333
PAST SALE,April-21-2021,Townhouse,1311 D St NE,Washington,DC,20002,1105000,4,2.0,CAPITOL HILL,1748,1238,1916,,632,,Sold,,,https://www.redfin.com/DC/Washington/1311-D-St-NE-20002/home/9913298,BRIGHT MLS,DCDC505634,N,Y,38.8946161,-76.9877248
PAST SALE,October-5-2020,Townhouse,1514 Constitution Ave NE,Washington,DC,20002,600000,2,1.5,OLD CITY I,683,656,1912,,878,,Sold,,,https://www.redfin.com/DC/Washington/1514-Constitution-Ave-NE-20002/home/9918366,BRIGHT MLS,DCDC484112,N,Y,38.8921675,-76.983186
PAST SALE,June-25-2021,Single Family Residential,6443 Western Ave NW,Washington,DC,20015,1075000,5,4.5,CHEVY CHASE,3404,9000,1935,,316,,Sold,,,https://www.redfin.com/DC/Washington/6443-Western-Ave-NW-20015/home/9979217,BRIGHT MLS,DCDC521590,N,Y,38.974994,-77.066865
PAST SALE,December-2-2020,Single Family Residential,1704 Lawrence St NE,Washington,DC,20018,860000,3,3.5,BROOKLAND,2046,5000,1910,,420,,Sold,,,https://www.redfin.com/DC/Washington/1704-Lawrence-St-NE-20018/home/10099704,BRIGHT MLS,DCDC495812,N,Y,38.9322893,-76.9806561
PAST SALE,May-13-2022,Townhouse,3237 Fort Lincoln Dr NE,Washington,DC,20018,750000,3,3.0,Fort Lincoln,1804,3137,2007,,416,141,Sold,,,https://www.redfin.com/DC/Washington/3237-Fort-Lincoln-Dr-NE-20018/home/21646337,BRIGHT MLS,DCDC2041846,N,Y,38.9238472,-76.9594892
PAST SALE,June-14-2023,Townhouse,1810 Calvert St NW #2,Washington,DC,20009,685000,2,2.0,Kalorama,1046,,1900,,655,515,Sold,,,https://www.redfin.com/DC/Washington/1810-Calvert-St-NW-20009/unit-2/home/10002591,BRIGHT MLS,DCDC2093686,N,Y,38.9229956,-77.0433022
PAST SALE,March-25-2021,Townhouse,5022 N Capitol St NW,Washington,DC,20011,631000,3,1.5,PETWORTH,2036,1152,1930,,310,,Sold,,,https://www.redfin.com/DC/Washington/5022-N-Capitol-St-NW-20011/home/10179959,BRIGHT MLS,DCDC507452,N,Y,38.951996,-77.0092853
PAST SALE,October-4-2022,Townhouse,5000 3rd St NW,Washington,DC,20011,1161111,4,3.5,Petworth,2420,1700,1935,,480,,Sold,,,https://www.redfin.com/DC/Washington/5000-3rd-St-NW-20011/home/10063665,BRIGHT MLS,DCDC2064502,N,Y,38.9512808,-77.0161431
PAST SALE,December-7-2020,Townhouse,821 Crittenden St NE,Washington,DC,20017,578000,3,2.0,BROOKLAND,1675,4018,1948,,345,,Sold,,,https://www.redfin.com/DC/Washington/821-Crittenden-St-NE-20017/home/10084959,BRIGHT MLS,DCDC494174,N,Y,38.9470853,-76.9939834
PAST SALE,February-14-2022,Single Family Residential,1721 Otis Pl NE,Washington,DC,20018,1206721,6,3.0,Brookland,3412,6270,1941,,354,,Sold,,,https://www.redfin.com/DC/Washington/1721-Otis-Pl-NE-20018/home/10099955,BRIGHT MLS,DCDC2026780,N,Y,38.9355254,-76.9805004
PAST SALE,January-3-2022,Townhouse,1381 Rittenhouse St NW,Washington,DC,20011,735000,3,2.5,BRIGHTWOOD,1978,2691,1932,,372,,Sold,,,https://www.redfin.com/DC/Washington/1381-Rittenhouse-St-NW-20011/home/10023451,BRIGHT MLS,DCDC2021742,N,Y,38.9656433,-77.0325149
PAST SALE,July-13-2021,Townhouse,516 Tuckerman St NW,Washington,DC,20011,710500,3,3.5,BRIGHTWOOD,1872,1760,1927,,380,,Sold,,,https://www.redfin.com/DC/Washington/516-Tuckerman-St-NW-20011/home/10055195,BRIGHT MLS,DCDC522082,N,Y,38.9671048,-77.0205497
PAST SALE,July-5-2023,Townhouse,1330 K St SE #2,Washington,DC,20003,1155000,3,3.0,Old City 1,1838,,1926,,628,197,Sold,,,https://www.redfin.com/DC/Washington/1330-K-St-SE-20003/unit-2/home/176441739,BRIGHT MLS,DCDC2096300,N,Y,38.8788188,-76.9873083
PAST SALE,March-28-2022,Townhouse,3548 Hertford Pl NW,Washington,DC,20010,1012500,4,3.0,Columbia Heights,2716,1773,1924,,373,,Sold,,,https://www.redfin.com/DC/Washington/3548-Hertford-Pl-NW-20010/home/10015056,BRIGHT MLS,DCDC2036410,N,Y,38.9360122,-77.0357253
PAST SALE,,Townhouse,639 F St NE,Washington,DC,20002,1250000,3,3.5,,1728,1440,1914,,723,,,,,https://www.redfin.com/DC/Washington/639-F-St-NE-20002/home/9898869,,,N,Y,38.8971295,-76.9971233
PAST SALE,September-14-2020,Townhouse,101 Cameron Mews,Alexandria,VA,22314,1305000,4,3.5,CAMERON MEWS,2450,1772,1965,,533,83,Sold,,,https://www.redfin.com/VA/Alexandria/101-Cameron-Mews-22314/home/11842869,BRIGHT MLS,VAAX248966,N,Y,38.805752,-77.040065
PAST SALE,May-9-2022,Townhouse,1333 C St NE,Washington,DC,20002,1000000,3,2.0,Old City 1,1712,1249,1912,,584,,Sold,,,https://www.redfin.com/DC/Washington/1333-C-St-NE-20002/home/9913592,BRIGHT MLS,DCDC2041396,N,Y,38.8934027,-76.9866839
PAST SALE,January-12-2021,Townhouse,4515 Arkansas Ave NW,Washington,DC,20011,720000,4,3.0,16TH ST. HEIGHTS,1471,2059,1923,,489,,Sold,,,https://www.redfin.com/DC/Washington/4515-Arkansas-Ave-NW-20011/home/10025306,BRIGHT MLS,DCDC500936,N,Y,38.9456003,-77.0311762
PAST SALE,March-15-2021,Townhouse,24 Van Buren St NW,Washington,DC,20012,625000,3,2.0,TAKOMA,1504,3270,1959,,416,,Sold,,,https://www.redfin.com/DC/Washington/24-Van-Buren-St-NW-20012/home/10067881,BRIGHT MLS,DCDC505290,N,Y,38.9697715,-77.0100511
PAST SALE,October-9-2020,Townhouse,6003 Chillum Pl NE,Washington,DC,20011,570000,3,2.0,TAKOMA,1436,1630,1947,,397,,Sold,,,https://www.redfin.com/DC/Washington/6003-Chillum-Pl-NE-20011/home/10078855,BRIGHT MLS,DCDC484246,N,Y,38.9634408,-77.0071705
PAST SALE,January-10-2025,Townhouse,2263 12th Pl NW,Washington,DC,20009,799900,2,1.5,Old City 2,972,756,1890,,823,,Sold,,,https://www.redfin.com/DC/Washington/2263-12th-Pl-NW-20009/home/9873534,BRIGHT MLS,DCDC2170786,N,Y,38.9204624,-77.0286801
PAST SALE,,Townhouse,109 19th St SE,Washington,DC,20003,540000,2,1.5,,1230,1358,1923,,439,,,,,https://www.redfin.com/DC/Washington/109-19th-St-SE-20003/home/9922064,,,N,Y,38.8881452,-76.97746
PAST SALE,December-23-2021,Townhouse,1226 Wylie St NE,Washington,DC,20002,575000,2,1.0,OLD CITY I,810,660,1900,,710,,Sold,,,https://www.redfin.com/DC/Washington/1226-Wylie-St-NE-20002/home/9909819,BRIGHT MLS,DCDC2001007,N,Y,38.9008502,-76.989223
PAST SALE,October-16-2020,Townhouse,1408 C St NE,Washington,DC,20002,950000,3,3.0,OLD CITY I,1880,1168,1910,,505,,Sold,,,https://www.redfin.com/DC/Washington/1408-C-St-NE-20002/home/9916357,BRIGHT MLS,DCDC487140,N,Y,38.8937465,-76.9850813
PAST SALE,October-22-2021,Townhouse,3717 Jenifer St NW,Washington,DC,20015,935000,4,2.0,CHEVY CHASE,1624,1480,1939,,576,,Sold,,,https://www.redfin.com/DC/Washington/3717-Jenifer-St-NW-20015/home/9971255,BRIGHT MLS,DCDC2013448,N,Y,38.9592019,-77.0710066
PAST SALE,February-24-2022,Townhouse,604 Quintana Pl NW,Washington,DC,20011,713000,3,2.0,BRIGHTWOOD,1727,1576,1935,,413,,Sold,,,https://www.redfin.com/DC/Washington/604-Quintana-Pl-NW-20011/home/10055701,BRIGHT MLS,DCDC2023704,N,Y,38.9642221,-77.0214746
PAST SALE,March-6-2025,Townhouse,607 Farragut Pl NE,Washington,DC,20017,486000,3,2.0,Brookland,1224,1654,1949,,397,,Sold,,,https://www.redfin.com/DC/Washington/607-Farragut-Pl-NE-20017/home/10083495,BRIGHT MLS,DCDC2170110,N,Y,38.9511029,-76.9976797
PAST SALE,September-11-2024,Single Family Residential,4619 49th St NW,Washington,DC,20016,1364000,4,3.0,American University,2043,2390,1935,,668,,Sold,,,https://www.redfin.com/DC/Washington/4619-49th-St-NW-20016/home/9946100,BRIGHT MLS,DCDC2154534,N,Y,38.9502264,-77.0965468
PAST SALE,June-30-2023,Townhouse,27 V St NE,Washington,DC,20002,920000,3,3.0,Brookland,2203,1952,1906,,418,,Sold,,,https://www.redfin.com/DC/Washington/27-V-St-NE-20002/home/10072222,BRIGHT MLS,DCDC2095178,N,Y,38.9179306,-77.0079442
PAST SALE,March-19-2021,Townhouse,1226 Rhode Island Ave NE,Washington,DC,20018,739900,3,3.0,BROOKLAND,2034,2273,1924,,364,,Sold,,,https://www.redfin.com/DC/Washington/1226-Rhode-Island-Ave-NE-20018/home/10090922,BRIGHT MLS,DCDC508466,N,Y,38.9238154,-76.9888214
PAST SALE,February-26-2021,Townhouse,4126 3rd St NW,Washington,DC,20011,727000,4,2.0,PETWORTH,1850,1900,1922,,393,,Sold,,,https://www.redfin.com/DC/Washington/4126-3rd-St-NW-20011/home/10064660,BRIGHT MLS,DCDC502510,N,Y,38.9419557,-77.0156712
PAST SALE,January-5-2022,Single Family Residential,2608 Monroe St NE,Washington,DC,20018,690000,3,2.0,WOODRIDGE,2179,6401,1919,,317,,Sold,,,https://www.redfin.com/DC/Washington/2608-Monroe-St-NE-20018/home/10105683,BRIGHT MLS,DCDC2022620,N,Y,38.9333041,-76.9695176
PAST SALE,September-11-2020,Single Family Residential,4815 47th St NW,Washington,DC,20016,1035000,4,3.5,AMERICAN UNIV. PARK,2104,4000,1932,,492,,Sold,,,https://www.redfin.com/DC/Washington/4815-47th-St-NW-20016/home/9947760,BRIGHT MLS,DCDC479324,N,Y,38.9526869,-77.0924422
PAST SALE,July-30-2020,Single Family Residential,3920 Ingomar St NW,Washington,DC,20015,1400000,4,3.5,CHEVY CHASE,2867,5140,1923,,488,,Sold,,,https://www.redfin.com/DC/Washington/3920-Ingomar-St-NW-20015/home/9962463,BRIGHT MLS,DCDC473704,N,Y,38.958156,-77.0795699
PAST SALE,October-15-2021,Townhouse,1827 5th St NW,Washington,DC,20001,972500,3,2.0,LEDROIT PARK,1548,884,1905,,628,,Sold,,,https://www.redfin.com/DC/Washington/1827-5th-St-NW-20001/home/10046281,BRIGHT MLS,DCDC2012162,N,Y,38.914981,-77.0183104
PAST SALE,May-30-2023,Townhouse,6402 North Capitol St NW,Washington,DC,20012,525000,3,1.5,Takoma,1504,1772,1947,,349,,Sold,,,https://www.redfin.com/DC/Washington/6402-N-Capitol-St-NW-20012/home/10068186,BRIGHT MLS,DCDC2089474,N,Y,38.9675362,-77.0092751
PAST SALE,June-2-2025,Townhouse,1235 Independence Ave SE,Washington,DC,20003,1401000,3,2.5,Old City 1,2022,1700,1908,,693,,Sold,,,https://www.redfin.com/DC/Washington/1235-Independence-Ave-SE-20003/home/9911554,BRIGHT MLS,DCDC2200288,N,Y,38.8874072,-76.9890531
PAST SALE,October-30-2020,Townhouse,1336 Randolph St NW,Washington,DC,20011,825000,4,3.5,COLUMBIA HEIGHTS,2154,2700,1919,,383,,Sold,,,https://www.redfin.com/DC/Washington/1336-Randolph-St-NW-20011/home/10025948,BRIGHT MLS,DCDC490432,N,Y,38.9384737,-77.0309551
PAST SALE,October-13-2020,Townhouse,428 13th St NE,Washington,DC,20002,799900,3,2.0,OLD CITY I,1527,1143,1914,,524,,Sold,,,https://www.redfin.com/DC/Washington/428-13th-St-NE-20002/home/9910565,BRIGHT MLS,DCDC483078,N,Y,38.8955825,-76.9885577
PAST SALE,December-21-2023,Townhouse,4811 Snowflower Blvd,Oxon Hill,MD,20745,360000,3,2.5,FOSTERS OVERLOOK PLAT 1>,1920,1700,2001,,188,75,Sold,,,https://www.redfin.com/MD/Oxon-Hill/4811-Snowflower-Blvd-20745/home/10811570,BRIGHT MLS,MDPG2096992,N,Y,38.8265075,-76.9921714
PAST SALE,October-6-2021,Single Family Residential,1623 Montague St NW,Washington,DC,20011,1225000,5,3.0,16TH ST. HEIGHTS,3055,4132,1929,,401,,Sold,,,https://www.redfin.com/DC/Washington/1623-Montague-St-NW-20011/home/10018147,BRIGHT MLS,DCDC2011664,N,Y,38.9594904,-77.0374886
PAST SALE,July-27-2021,Townhouse,2806 29th St NW,Washington,DC,20008,1710000,5,3.5,WOODLEY,3524,2000,1964,,485,,Sold,,,https://www.redfin.com/DC/Washington/2806-29th-St-NW-20008/home/9987883,BRIGHT MLS,DCDC2002582,N,Y,38.9267033,-77.0579977
PAST SALE,April-26-2021,Townhouse,311 34th St NE,Washington,DC,20019,510000,3,2.0,LILY PONDS,1324,1600,1938,,385,,Sold,,,https://www.redfin.com/DC/Washington/311-34th-St-NE-20019/home/10117236,BRIGHT MLS,DCDC512936,N,Y,38.8939828,-76.9572524
PAST SALE,June-13-2022,Townhouse,5225 Nebraska Ave NW,Washington,DC,20015,1330000,5,3.5,Chevy Chase,2141,3903,1941,,621,,Sold,,,https://www.redfin.com/DC/Washington/5225-Nebraska-Ave-NW-20015/home/9977746,BRIGHT MLS,DCDC2045022,N,Y,38.9577955,-77.0685196
PAST SALE,June-3-2025,Single Family Residential,5210 Andover Rd,Chevy Chase,MD,20815,1287750,0,1.0,BROOKDALE,0,1,1620,,,,Sold,,,https://www.redfin.com/MD/Chevy-Chase/5210-Andover-Rd-20815/home/10656616,BRIGHT MLS,MDMC2165942,N,Y,38.9589947,-77.0897557
PAST SALE,April-13-2022,Single Family Residential,3113 Albemarle St NW,Washington,DC,20008,3850000,6,7.0,Forest Hills,7175,10689,2019,,537,,Sold,,,https://www.redfin.com/DC/Washington/3113-Albemarle-St-NW-20008/home/171549033,BRIGHT MLS,DCDC2038962,N,Y,38.9481131,-77.0641762
PAST SALE,April-23-2021,Single Family Residential,4509 Harrison St NW,Washington,DC,20015,1250000,4,2.0,AMERICAN UNIV. PARK,1800,2848,1936,,694,,Sold,,,https://www.redfin.com/DC/Washington/4509-Harrison-St-NW-20015/home/9948968,BRIGHT MLS,DCDC514324,N,Y,38.9572022,-77.0890352
PAST SALE,September-17-2024,Single Family Residential,4105 12th St NE,Washington,DC,20017,1005449,4,3.5,Brookland,2102,5513,1921,,478,,Sold,,,https://www.redfin.com/DC/Washington/4105-12th-St-NE-20017/home/10090080,BRIGHT MLS,DCDC2150456,N,Y,38.940125,-76.9899779
PAST SALE,March-31-2025,Townhouse,1626 3rd St NW,Washington,DC,20001,685000,3,2.5,Old City 2,1526,1502,1906,,449,,Sold,,,https://www.redfin.com/DC/Washington/1626-3rd-St-NW-20001/home/9884626,BRIGHT MLS,DCDC2188512,N,Y,38.9119018,-77.0154619
PAST SALE,January-7-2022,Townhouse,1409 Foxhall Rd NW,Washington,DC,20007,1275000,4,3.5,FOXHALL,2451,3375,1911,,520,,Sold,,,https://www.redfin.com/DC/Washington/1409-Foxhall-Rd-NW-20007/home/9938567,BRIGHT MLS,DCDC2021884,N,Y,38.9074346,-77.0811756
PAST SALE,June-6-2022,Townhouse,305 Rock Creek Church Rd NW,Washington,DC,20011,925000,4,3.5,Petworth,1850,1073,1919,,500,,Sold,,,https://www.redfin.com/DC/Washington/305-Rock-Creek-Church-Rd-NW-20011/home/10064945,BRIGHT MLS,DCDC2044932,N,Y,38.9396738,-77.0156547
PAST SALE,September-24-2021,Townhouse,1606 8th St NW,Washington,DC,20001,885000,3,2.0,OLD CITY II,1586,803,1905,,558,,Sold,,,https://www.redfin.com/DC/Washington/1606-8th-St-NW-20001/home/9878205,BRIGHT MLS,DCDC2008762,N,Y,38.9114071,-77.0232178
PAST SALE,August-28-2020,Townhouse,1350 Kenyon St NW #3,Washington,DC,20010,448000,1,1.0,COLUMBIA HEIGHTS,681,,1900,,658,247,Sold,,,https://www.redfin.com/DC/Washington/1350-Kenyon-St-NW-20010/unit-3/home/10188369,BRIGHT MLS,DCDC479094,N,Y,38.9293502,-77.0311742
PAST SALE,July-19-2022,Single Family Residential,6235 N Dakota Ave NW,Washington,DC,20011,828000,3,2.0,Chillum,1670,5859,1932,,496,,Sold,,,https://www.redfin.com/DC/Washington/6235-North-Dakota-Ave-NW-20011/home/10066967,BRIGHT MLS,DCDC2054466,N,Y,38.965969,-77.0154573
PAST SALE,October-29-2021,Townhouse,806 E St SE,Washington,DC,20003,925000,2,1.5,CAPITOL HILL,1216,1244,1900,,761,,Sold,,,https://www.redfin.com/DC/Washington/806-E-St-SE-20003/home/113428549,BRIGHT MLS,DCDC2009932,N,Y,38.882906,-76.994491
PAST SALE,December-30-2021,Townhouse,1676 Kalorama Rd NW,Washington,DC,20009,845000,2,1.5,MOUNT PLEASANT,1066,963,1915,,793,,Sold,,,https://www.redfin.com/DC/Washington/1676-Kalorama-Rd-NW-20009/home/10005601,BRIGHT MLS,DCDC2022520,N,Y,38.9213964,-77.0384924
PAST SALE,August-2-2024,Single Family Residential,1802 24th Pl SE,Washington,DC,20020,584000,4,3.0,Randle Heights,2124,2422,1927,,275,,Sold,,,https://www.redfin.com/DC/Washington/1802-24th-Pl-SE-20020/home/10150936,BRIGHT MLS,DCDC2150024,N,Y,38.8680048,-76.9719392
PAST SALE,December-29-2021,Townhouse,1808 8th St NW,Washington,DC,20001,975000,3,2.5,OLD CITY II,1382,1057,1910,,705,,Sold,,,https://www.redfin.com/DC/Washington/1808-8th-St-NW-20001/home/9878114,BRIGHT MLS,DCDC2023374,N,Y,38.914398386,-77.02293616
PAST SALE,February-3-2025,Townhouse,1929 11th St NW #1,Washington,DC,20001,749000,2,2.0,Old City 2,827,,1900,,906,250,Sold,,,https://www.redfin.com/DC/Washington/1929-11th-St-NW-20001/unit-1/home/108466897,BRIGHT MLS,DCDC2172834,N,Y,38.9166095,-77.0268391
PAST SALE,May-16-2023,Single Family Residential,5346 42nd Pl NW,Washington,DC,20015,1065200,2,2.0,Chevy Chase,1700,2516,1941,,627,,Sold,,,https://www.redfin.com/DC/Washington/5346-42nd-Pl-NW-20015/home/9957358,BRIGHT MLS,DCDC2089322,N,Y,38.9603017,-77.083174
PAST SALE,March-19-2021,Townhouse,481 Ridge St NW,Washington,DC,20001,807500,2,2.0,OLD CITY II,1136,1120,1900,,711,,Sold,,,https://www.redfin.com/DC/Washington/481-Ridge-St-NW-20001/home/9884298,BRIGHT MLS,DCDC509330,N,Y,38.90664,-77.01848
PAST SALE,July-31-2024,Townhouse,1422 Morse St NE,Washington,DC,20002,805000,4,2.0,Trinidad,1892,2727,1924,,425,,Sold,,,https://www.redfin.com/DC/Washington/1422-Morse-St-NE-20002/home/21644050,BRIGHT MLS,DCDC2136732,N,Y,38.9013184,-76.983579
PAST SALE,December-8-2021,Townhouse,939 Jefferson St NE,Washington,DC,20011,685000,4,2.5,RIGGS PARK,1501,2093,1953,,456,,Sold,,,https://www.redfin.com/DC/Washington/939-Jefferson-St-NE-20011/home/10082278,BRIGHT MLS,DCDC2020402,N,Y,38.9558669,-76.9922528
PAST SALE,February-26-2024,Townhouse,4208 13th St NE,Washington,DC,20017,865000,4,3.5,Brookland,2284,3208,1926,,379,,Sold,,,https://www.redfin.com/DC/Washington/4208-13th-St-NE-20017/home/10090040,BRIGHT MLS,DCDC2125510,N,Y,38.9412551,-76.9884951
PAST SALE,May-18-2022,Townhouse,1182 Morse St NE,Washington,DC,20002,925000,3,3.5,Trinidad,1704,1013,1910,,543,,Sold,,,https://www.redfin.com/DC/Washington/1182-Morse-St-NE-20002/home/21648448,BRIGHT MLS,DCDC2044154,N,Y,38.9039401,-76.9897851
PAST SALE,July-16-2021,Single Family Residential,2437 Skyland Pl SE,Washington,DC,20020,495000,3,3.0,RANDLE HEIGHTS,1687,3145,1971,,293,,Sold,,,https://www.redfin.com/DC/Washington/2437-Skyland-Pl-SE-20020/home/10157185,BRIGHT MLS,DCDC521092,N,Y,38.8594684,-76.972826
PAST SALE,September-26-2024,Townhouse,4706 12th St NE,Washington,DC,20017,530000,2,2.0,Brookland,1584,2975,1940,,335,,Sold,,,https://www.redfin.com/DC/Washington/4706-12th-St-NE-20017/home/10088225,BRIGHT MLS,DCDC2155638,N,Y,38.9465258,-76.9905777
PAST SALE,September-27-2021,Single Family Residential,4006 30th St,Mount Rainier,MD,20712,555000,3,2.0,MT RAINIER- ROGERS 1ST A,1688,7500,1916,,329,,Sold,,,https://www.redfin.com/MD/Mount-Rainier/4006-30th-St-20712/home/10957218,BRIGHT MLS,MDPG2009374,N,Y,38.9388409,-76.9659495
PAST SALE,March-10-2022,Townhouse,1172 Morse St NE,Washington,DC,20002,749000,2,2.0,Trinidad,1342,1875,1915,,558,,Sold,,,https://www.redfin.com/DC/Washington/1172-Morse-St-NE-20002/home/10096587,BRIGHT MLS,DCDC2031410,N,Y,38.9041002,-76.9900851
PAST SALE,August-15-2023,Townhouse,520 Tuckerman St NW,Washington,DC,20011,645000,3,2.0,Brightwood,1481,1760,1927,,436,,Sold,,,https://www.redfin.com/DC/Washington/520-Tuckerman-St-NW-20011/home/10055190,BRIGHT MLS,DCDC2102548,N,Y,38.9671145,-77.0208282
PAST SALE,August-16-2024,Townhouse,516 10th St SE,Washington,DC,20003,1510000,3,2.5,Capitol Hill,1758,1673,1908,,859,,Sold,,,https://www.redfin.com/DC/Washington/516-10th-St-SE-20003/home/9907587,BRIGHT MLS,DCDC2141270,N,Y,38.8820302,-76.9924212
PAST SALE,December-13-2021,Townhouse,5313 5th St NW,Washington,DC,20011,664500,2,2.0,PETWORTH,1517,1588,1925,,438,,Sold,,,https://www.redfin.com/DC/Washington/5313-5th-St-NW-20011/home/10061304,BRIGHT MLS,DCDC2019550,N,Y,38.9547101,-77.0195659
PAST SALE,March-28-2025,Townhouse,5513 B St SE,Washington,DC,20019,460000,3,3.5,Marshall Heights,1590,2490,1947,,289,,Sold,,,https://www.redfin.com/DC/Washington/5513-B-St-SE-20019/home/10133441,BRIGHT MLS,DCDC2184700,N,Y,38.8853231,-76.9213164
PAST SALE,December-23-2024,Townhouse,513 25th Pl NE,Washington,DC,20002,410000,3,1.0,Old City 1,1024,1379,1938,,400,,Sold,,,https://www.redfin.com/DC/Washington/513-25th-Pl-NE-20002/home/10112985,BRIGHT MLS,DCDC2168848,N,Y,38.8964324,-76.9714626
PAST SALE,August-11-2021,Townhouse,724 Hobart Pl NW,Washington,DC,20001,736000,3,3.5,COLUMBIA HEIGHTS,1308,1000,1913,,563,,Sold,,,https://www.redfin.com/DC/Washington/724-Hobart-Pl-NW-20001/home/10032484,BRIGHT MLS,DCDC2004732,N,Y,38.9273796,-77.0238767
PAST SALE,July-1-2024,Single Family Residential,5335 43rd St NW,Washington,DC,20015,1950000,4,3.5,Chevy Chase,3349,5632,1924,,582,,Sold,,,https://www.redfin.com/DC/Washington/5335-43rd-St-NW-20015/home/10344364,BRIGHT MLS,DCDC2141042,N,Y,38.9602656,-77.0835433
PAST SALE,March-7-2022,Townhouse,2262 High St SE,Washington,DC,20020,711000,5,3.5,Anacostia,2038,4375,1912,,349,,Sold,,,https://www.redfin.com/DC/Washington/2262-High-St-SE-20020/home/10158905,BRIGHT MLS,DCDC2032860,N,Y,38.8623273,-76.9864106
PAST SALE,November-13-2020,Townhouse,1821 T Pl SE,Washington,DC,20020,505000,2,2.0,RANDLE HEIGHTS,1300,3377,1940,,388,,Sold,,,https://www.redfin.com/DC/Washington/1821-T-Pl-SE-20020/home/10150189,BRIGHT MLS,DCDC490514,N,Y,38.8669227,-76.9779796
PAST SALE,March-5-2025,Townhouse,523 Tuckerman St NW,Washington,DC,20011,645000,4,2.0,Brightwood,1744,1754,1929,,370,,Sold,,,https://www.redfin.com/DC/Washington/523-Tuckerman-St-NW-20011/home/10054849,BRIGHT MLS,DCDC2176202,N,Y,38.967468,-77.0208317
PAST SALE,August-5-2022,Single Family Residential,2228 Otis St NE,Washington,DC,20018,1027228,4,3.5,Woodridge,2244,7984,1925,,458,,Sold,,,https://www.redfin.com/DC/Washington/2228-Otis-St-NE-20018/home/10103948,BRIGHT MLS,DCDC2056538,N,Y,38.9353169,-76.972777
PAST SALE,March-5-2021,Townhouse,533 Tennessee Ave NE,Washington,DC,20002,950000,3,3.5,OLD CITY I,1836,1120,1907,,517,,Sold,,,https://www.redfin.com/DC/Washington/533-Tennessee-Ave-NE-20002/home/9916223,BRIGHT MLS,DCDC502728,N,Y,38.8968645,-76.9840062
PAST SALE,April-30-2024,Single Family Residential,1101 44th Pl SE,Washington,DC,20019,608000,3,3.0,Fort Dupont Park,2128,4056,1960,,286,,Sold,,,https://www.redfin.com/DC/Washington/1101-44th-Pl-SE-20019/home/10136488,BRIGHT MLS,DCDC2130436,N,Y,38.8784905,-76.9375731
PAST SALE,September-17-2021,Townhouse,1733 1st St NW,Washington,DC,20001,1060000,6,1.5,ECKINGTON,2960,1700,1895,,358,,Sold,,,https://www.redfin.com/DC/Washington/1733-1st-St-NW-20001/home/10047464,BRIGHT MLS,DCDC2008064,N,Y,38.9136271,-77.0119046
PAST SALE,March-3-2025,Townhouse,2916 Stanton Rd SE,Washington,DC,20020,570000,3,4.0,Randle Heights,2036,1093,2021,,280,200,Sold,,,https://www.redfin.com/DC/Washington/2916-Stanton-Rd-SE-20020/home/166676176,BRIGHT MLS,DCDC2175730,N,Y,38.8553657,-76.986351
PAST SALE,October-7-2021,Townhouse,59 Crittenden St NE,Washington,DC,20011,650000,3,3.5,BROOKLAND,1632,1818,1940,,398,,Sold,,,https://www.redfin.com/DC/Washington/59-Crittenden-St-NE-20011/home/10077656,BRIGHT MLS,DCDC2012190,N,Y,38.9480684,-77.0067968
PAST SALE,April-8-2022,Single Family Residential,2023 34th St SE,Washington,DC,20020,935000,5,2.5,Hillcrest,2989,8511,1954,,313,,Sold,,,https://www.redfin.com/DC/Washington/2023-34th-St-SE-20020/home/10152680,BRIGHT MLS,DCDC2036404,N,Y,38.8647411,-76.9583746
PAST SALE,January-24-2024,Townhouse,1211 Trinidad Ave NE,Washington,DC,20002,599000,3,1.5,Trinidad,1435,1222,1925,,417,,Sold,,,https://www.redfin.com/DC/Washington/1211-Trinidad-Ave-NE-20002/home/10096782,BRIGHT MLS,DCDC2122280,N,Y,38.9027007,-76.986335
PAST SALE,September-9-2024,Single Family Residential,4640 Blaine St NE,Washington,DC,20019,599999,4,3.0,Deanwood,1972,7475,1939,,304,,Sold,,,https://www.redfin.com/DC/Washington/4640-Blaine-St-NE-20019/home/10191154,BRIGHT MLS,DCDC2152390,N,Y,38.892104,-76.9351711
PAST SALE,October-30-2024,Single Family Residential,5506 Foote St NE,Washington,DC,20019,605000,5,3.5,Deanwood,3012,3440,2024,,201,,Sold,,,https://www.redfin.com/DC/Washington/5506-Foote-St-NE-20019/home/21658479,BRIGHT MLS,DCDC2160262,N,Y,38.8973422,-76.9213388
PAST SALE,July-19-2022,Townhouse,615 Farragut Pl NE,Washington,DC,20017,540000,3,1.0,Brookland,816,1654,1949,,662,,Sold,,,https://www.redfin.com/DC/Washington/615-Farragut-Pl-NE-20017/home/10083501,BRIGHT MLS,DCDC2055762,N,Y,38.9511418,-76.9974185
PAST SALE,July-12-2024,Single Family Residential,5120 B St SE,Washington,DC,20019,599000,4,3.5,Marshall Heights,2672,4000,2007,,224,,Sold,,,https://www.redfin.com/DC/Washington/5120-B-St-SE-20019/home/21648363,BRIGHT MLS,DCDC2143904,N,Y,38.8864827,-76.9274169
PAST SALE,March-15-2024,Townhouse,100 Forrester St SW,Washington,DC,20032,319900,2,1.5,Congress Heights,1142,2428,1942,,280,,Sold,,,https://www.redfin.com/DC/Washington/100-Forrester-St-SW-20032/home/10171006,BRIGHT MLS,DCDC2108810,N,Y,38.8250165,-77.0099703
PAST SALE,March-10-2025,Townhouse,1705 Euclid St NW #1,Washington,DC,20009,650000,2,2.0,Mount Pleasant,858,,1900,,758,450,Sold,,,https://www.redfin.com/DC/Washington/1705-Euclid-St-NW-20009/unit-1/home/10344814,BRIGHT MLS,DCDC2175542,N,Y,38.9233604,-77.039315
PAST SALE,May-23-2022,Townhouse,1830 Jefferson Pl NW Ph 22,Washington,DC,20036,905000,2,2.5,Central,1205,,2006,,751,698,Sold,,,https://www.redfin.com/DC/Washington/1830-Jefferson-Pl-NW-20036/unit-22/home/177649791,BRIGHT MLS,DCDC2046044,N,Y,38.9062901,-77.0429086
PAST SALE,December-30-2021,Single Family Residential,504 Abel Ave,Capitol Heights,MD,20743,359000,4,2.0,CAPITOL HEIGHTS,1040,6000,1968,,345,,Sold,,,https://www.redfin.com/MD/Capitol-Heights/504-Abel-Ave-20743/home/11018044,BRIGHT MLS,MDPG2017346,N,Y,38.8837902,-76.9194932
PAST SALE,September-12-2024,Single Family Residential,831 Eastern Ave,Fairmount Heights,MD,20743,368500,3,2.5,WEST FAIRMOUNT,2000,2600,1915,,184,,Sold,,,https://www.redfin.com/MD/Fairmount-Heights/831-Eastern-Ave-20743/home/11004203,BRIGHT MLS,MDPG2120848,N,Y,38.90133,-76.9197237
PAST SALE,April-29-2024,Townhouse,1803 Channing St NE #1803,Washington,DC,20018,370000,2,2.5,Woodridge,1038,,1982,,356,300,Sold,,,https://www.redfin.com/DC/Washington/1803-Channing-St-NE-20018/unit-1803/home/10098201,BRIGHT MLS,DCDC2128394,N,Y,38.9219426,-76.9785463
PAST SALE,May-7-2021,Townhouse,220 4th St SE #4,Washington,DC,20003,707000,2,1.5,CAPITOL HILL,1059,,1930,,668,150,Sold,,,https://www.redfin.com/DC/Washington/220-4th-St-SE-20003/unit-4/home/9896012,BRIGHT MLS,DCDC514310,N,Y,38.8869803,-77.0003629
PAST SALE,June-24-2022,Townhouse,1850 Capitol Ave NE,Washington,DC,20002,750000,3,1.0,Brentwood,1184,1807,1938,,633,,Sold,,,https://www.redfin.com/DC/Washington/1850-Capitol-Ave-NE-20002/home/10094323,BRIGHT MLS,DCDC2038280,N,Y,38.9117466,-76.9852823
PAST SALE,June-1-2021,Townhouse,2532 I St NW,Washington,DC,20037,848000,2,1.0,FOGGY BOTTOM,954,975,1911,,889,,Sold,,,https://www.redfin.com/DC/Washington/2532-I-St-NW-20037/home/9043112,BRIGHT MLS,DCDC514862,N,Y,38.9005157,-77.0544009
PAST SALE,June-30-2023,Townhouse,1116 E St NE,Washington,DC,20002,1842000,6,4.5,Old City 1,3969,2382,1924,,464,,Sold,,,https://www.redfin.com/DC/Washington/1116-E-St-NE-20002/home/9908165,BRIGHT MLS,DCDC2098788,N,Y,38.8962946,-76.9908277
PAST SALE,October-8-2020,Single Family Residential,1346 Somerset Pl NW,Washington,DC,20011,910000,4,3.5,BRIGHTWOOD,2609,4140,1934,,349,,Sold,,,https://www.redfin.com/DC/Washington/1346-Somerset-Pl-NW-20011/home/10023316,BRIGHT MLS,DCDC483904,N,Y,38.9666711,-77.0318891
PAST SALE,February-8-2022,Townhouse,3232 Warder St NW,Washington,DC,20010,825000,3,2.5,Columbia Heights,2178,1275,1915,,379,,Sold,,,https://www.redfin.com/DC/Washington/3232-Warder-St-NW-20010/home/10044080,BRIGHT MLS,DCDC2031060,N,Y,38.9310736,-77.0202712
PAST SALE,September-3-2021,Single Family Residential,1352 Locust Rd NW,Washington,DC,20012,1080000,4,2.5,SHEPHERD PARK,2340,6019,1932,,462,,Sold,,,https://www.redfin.com/DC/Washington/1352-Locust-Rd-NW-20012/home/10021910,BRIGHT MLS,DCDC2007494,N,Y,38.9854318,-77.0320931
PAST SALE,December-3-2024,Townhouse,364 Burbank St SE,Washington,DC,20019,360000,2,1.5,Fort Dupont Park,1478,1453,1950,,244,,Sold,,,https://www.redfin.com/DC/Washington/364-Burbank-St-SE-20019/home/10140998,BRIGHT MLS,DCDC2163516,N,Y,38.8852395,-76.9437922
PAST SALE,November-23-2020,Townhouse,627 Lamont St NW,Washington,DC,20010,816500,4,3.5,COLUMBIA HEIGHTS,2110,1556,1910,,387,,Sold,,,https://www.redfin.com/DC/Washington/627-Lamont-St-NW-20010/home/10043433,BRIGHT MLS,DCDC493944,N,Y,38.931462278,-77.02228621
PAST SALE,,Single Family Residential,4113 Stanley St SE,Washington,DC,20019,390000,3,1.5,,1088,2625,1947,,358,,,,,https://www.redfin.com/DC/Washington/4113-Stanley-St-SE-20019/home/10137376,,,N,Y,38.8715954,-76.9379355
PAST SALE,December-7-2020,Townhouse,705 Otis Pl NW,Washington,DC,20010,950000,4,4.0,COLUMBIA HEIGHTS,3100,3323,1920,,306,,Sold,,,https://www.redfin.com/DC/Washington/705-Otis-Pl-NW-20010/home/10042431,BRIGHT MLS,DCDC494322,N,Y,38.9348604,-77.0224643
PAST SALE,February-28-2022,Townhouse,3944 Clay Pl NE,Washington,DC,20019,490000,4,2.0,Deanwood,1728,2510,1947,,284,,Sold,,,https://www.redfin.com/DC/Washington/3944-Clay-Pl-NE-20019/home/10119161,BRIGHT MLS,DCDC2030956,N,Y,38.8928481,-76.9487594
PAST SALE,December-16-2022,Townhouse,1830 H St NE,Washington,DC,20002,615000,2,2.0,Trinidad,1102,1600,1940,,558,,Sold,,,https://www.redfin.com/DC/Washington/1830-H-St-NE-20002/home/10111336,BRIGHT MLS,DCDC2071398,N,Y,38.90038,-76.9765345
PAST SALE,April-1-2022,Townhouse,2717 Unicorn Ln NW,Washington,DC,20015,1512500,4,5.5,Chevy Chase,3902,2850,1978,,388,158,Sold,,,https://www.redfin.com/DC/Washington/2717-Unicorn-Ln-NW-20015/home/9995244,BRIGHT MLS,DCDC2033172,N,Y,38.9742184,-77.0547149
PAST SALE,November-4-2024,Townhouse,521 2nd St SE,Washington,DC,20003,1300000,3,3.5,Capitol Hill,2433,1122,1907,,534,,Sold,,,https://www.redfin.com/DC/Washington/521-2nd-St-SE-20003/home/10177244,BRIGHT MLS,DCDC2155306,N,Y,38.8825093,-77.0037824
PAST SALE,March-7-2022,Townhouse,646 Irving St NW #2,Washington,DC,20010,440000,2,1.5,Columbia Heights,701,,1940,,628,228,Sold,,,https://www.redfin.com/DC/Washington/646-Irving-St-NW-20010/unit-2/home/21644283,BRIGHT MLS,DCDC2028084,N,Y,38.9287825,-77.0224771
PAST SALE,May-25-2022,Single Family Residential,6430 7th St NW,Washington,DC,20012,814500,3,3.0,Brightwood,1820,2716,1939,,448,,Sold,,,https://www.redfin.com/DC/Washington/6430-7th-St-NW-20012/home/10053276,BRIGHT MLS,DCDC2042676,N,Y,38.96845,-77.0226428
PAST SALE,January-15-2025,Townhouse,320 Upshur St NW,Washington,DC,20011,832500,3,3.5,Petworth,2052,2600,1922,,406,,Sold,,,https://www.redfin.com/DC/Washington/320-Upshur-St-NW-20011/home/10064724,BRIGHT MLS,DCDC2166990,N,Y,38.9419237,-77.0165416
PAST SALE,June-1-2022,Townhouse,52 Hamilton St NW,Washington,DC,20011,865000,3,2.5,Petworth,1890,2466,1936,,458,,Sold,,,https://www.redfin.com/DC/Washington/52-Hamilton-St-NW-20011/home/10069649,BRIGHT MLS,DCDC2047584,N,Y,38.9531859,-77.0108011
PAST SALE,February-3-2025,Townhouse,1415 1st St NW,Washington,DC,20001,899000,3,3.5,Old City 2,1941,1200,1900,,463,,Sold,,,https://www.redfin.com/DC/Washington/1415-1st-St-NW-20001/home/9888470,BRIGHT MLS,DCDC2173224,N,Y,38.9089899,-77.0119169
PAST SALE,March-28-2022,Townhouse,5112 S Dakota Ave NE,Washington,DC,20017,465000,3,1.0,Brookland,986,1862,1948,,472,,Sold,,,https://www.redfin.com/DC/Washington/5112-South-Dakota-Ave-NE-20017/home/10083887,BRIGHT MLS,DCDC2036414,N,Y,38.9508944,-76.9949387
PAST SALE,April-21-2022,Townhouse,4704 7th St NE,Washington,DC,20017,645000,3,3.0,Brookland,2040,3001,1974,,316,,Sold,,,https://www.redfin.com/DC/Washington/4704-7th-St-NE-20017/home/10085152,BRIGHT MLS,DCDC2038944,N,Y,38.9465969,-76.9972948
PAST SALE,September-2-2021,Townhouse,137 P St NW,Washington,DC,20001,955000,4,3.0,OLD CITY II,2379,1598,1906,,401,,Sold,,,https://www.redfin.com/DC/Washington/137-P-St-NW-20001/home/9887201,BRIGHT MLS,DCDC2005376,N,Y,38.9098354,-77.0135852
PAST SALE,January-5-2024,Townhouse,1613 5th St NW,Washington,DC,20001,685000,2,1.5,Old City 2,1080,950,1900,,634,,Sold,,,https://www.redfin.com/DC/Washington/1613-5th-St-NW-20001/home/9883689,BRIGHT MLS,DCDC2121226,N,Y,38.9117402,-77.0187089
PAST SALE,May-3-2021,Townhouse,3336 Brothers Pl SE,Washington,DC,20032,475000,3,2.0,CONGRESS HEIGHTS,1840,2060,1965,,258,,Sold,,,https://www.redfin.com/DC/Washington/3336-Brothers-Pl-SE-20032/home/10167075,BRIGHT MLS,DCDC514304,N,Y,38.8429449,-77.0032694
PAST SALE,July-8-2022,Townhouse,1438 V St SE,Washington,DC,20020,445000,3,2.0,Anacostia,1100,1820,1905,,405,,Sold,,,https://www.redfin.com/DC/Washington/1438-V-St-SE-20020/home/10158026,BRIGHT MLS,DCDC2043794,N,Y,38.8649695,-76.9842209
PAST SALE,April-7-2021,Townhouse,421 M St NW,Washington,DC,20001,1239000,5,2.5,OLD CITY II,3051,2606,1910,,406,,Sold,,,https://www.redfin.com/DC/Washington/421-M-St-NW-20001/home/9884231,BRIGHT MLS,DCDC511160,N,Y,38.9058566,-77.0169525
PAST SALE,June-29-2021,Townhouse,507 14th St NE,Washington,DC,20002,950000,3,3.5,OLD CITY I,2167,1115,1900,,438,,Sold,,,https://www.redfin.com/DC/Washington/507-14th-St-NE-20002/home/9915992,BRIGHT MLS,DCDC522318,N,Y,38.8964925,-76.9852669
PAST SALE,September-26-2023,Townhouse,428 Jefferson St NE,Washington,DC,20011,610000,3,1.5,Riggs Park,1667,2692,1954,,366,,Sold,,,https://www.redfin.com/DC/Washington/428-Jefferson-St-NE-20011/home/10083324,BRIGHT MLS,DCDC2106464,N,Y,38.9560459,-76.9984728
PAST SALE,August-16-2024,Townhouse,1622 6th St NW,Washington,DC,20001,1115000,4,3.5,Old City 2,2768,1785,1900,,403,,Sold,,,https://www.redfin.com/DC/Washington/1622-6th-St-NW-20001/home/9879262,BRIGHT MLS,DCDC2150188,N,Y,38.9118074,-77.0201812
PAST SALE,January-31-2022,Single Family Residential,2116 31st St SE,Washington,DC,20020,849900,4,4.0,HILLCREST,2332,2625,1930,,364,,Sold,,,https://www.redfin.com/DC/Washington/2116-31st-St-SE-20020/home/10152150,BRIGHT MLS,DCDC2024602,N,Y,38.8640932,-76.962946
PAST SALE,,Townhouse,3431 10th Pl SE,Washington,DC,20032,549000,3,3.5,,1872,1192,2017,,293,,,,,https://www.redfin.com/DC/Washington/3431-10th-Pl-SE-20032/home/113764520,,,N,Y,38.839611,-76.992068
PAST SALE,January-31-2025,Single Family Residential,5415 Hawthorne Pl NW,Washington,DC,20016,1853000,4,3.5,Kent,2740,4133,1931,,676,,Sold,,,https://www.redfin.com/DC/Washington/5415-Hawthorne-Pl-NW-20016/home/9943445,BRIGHT MLS,DCDC2165894,N,Y,38.9296781,-77.1047924
PAST SALE,,Single Family Residential,3500 Highwood Dr SE,Washington,DC,20020,765000,5,3.0,,1799,9706,1942,,425,,,,,https://www.redfin.com/DC/Washington/3500-Highwood-Dr-SE-20020/home/10145415,,,N,Y,38.8695023,-76.9550116
PAST SALE,December-12-2024,Townhouse,1209 V St NW,Washington,DC,20009,1024900,3,3.5,Old City 2,1575,608,2001,,651,121,Sold,,,https://www.redfin.com/DC/Washington/1209-V-St-NW-20009/home/10176315,BRIGHT MLS,DCDC2167240,N,Y,38.9182674,-77.0286381
PAST SALE,May-3-2021,Townhouse,1821 M St NE,Washington,DC,20002,690000,4,1.5,TRINIDAD,2010,1386,1927,,343,,Sold,,,https://www.redfin.com/DC/Washington/1821-M-St-NE-20002/home/10110409,BRIGHT MLS,DCDC514314,N,Y,38.9053967,-76.9774187
PAST SALE,September-27-2021,Single Family Residential,6604 5th St NW,Washington,DC,20012,830000,3,2.5,BRIGHTWOOD,1994,4063,1929,,416,,Sold,,,https://www.redfin.com/DC/Washington/6604-5th-St-NW-20012/home/10054674,BRIGHT MLS,DCDC2008278,N,Y,38.9702617,-77.0201468
PAST SALE,January-5-2022,Townhouse,5018 12th St NE,Washington,DC,20017,664500,3,2.0,RIGGS PARK,1653,2705,1946,,402,,Sold,,,https://www.redfin.com/DC/Washington/5018-12th-St-NE-20017/home/10088802,BRIGHT MLS,DCDC2022782,N,Y,38.951018,-76.9908748
PAST SALE,February-21-2023,Townhouse,123 Rock Creek Church Rd NW,Washington,DC,20011,900000,4,3.5,Petworth,1881,1900,1942,,478,,Sold,,,https://www.redfin.com/DC/Washington/123-Rock-Creek-Church-Rd-NW-20011/home/10065568,BRIGHT MLS,DCDC2078856,N,Y,38.9426857,-77.0130587
PAST SALE,April-5-2024,Single Family Residential,6701 Piney Branch Rd NW,Washington,DC,20012,829000,5,4.0,Brightwood,2886,3667,1938,,287,,Sold,,,https://www.redfin.com/DC/Washington/6701-Piney-Branch-Rd-NW-20012/home/10053503,BRIGHT MLS,DCDC2130136,N,Y,38.9715025,-77.0239151
PAST SALE,July-2-2021,Townhouse,2512 High St SE,Washington,DC,20020,633874,4,3.5,ANACOSTIA,2316,2098,2018,,274,,Sold,,,https://www.redfin.com/DC/Washington/2512-High-St-SE-20020/home/28497755,BRIGHT MLS,DCDC519278,N,Y,38.860117,-76.988774
PAST SALE,December-16-2024,Townhouse,1518 D St NE,Washington,DC,20002,749000,4,2.0,Old City 1,1476,1637,1928,,507,,Sold,,,https://www.redfin.com/DC/Washington/1518-D-St-NE-20002/home/10114247,BRIGHT MLS,DCDC2165134,N,Y,38.8949611,-76.9828883
PAST SALE,June-6-2025,Single Family Residential,1323 Irving St NE,Washington,DC,20017,375000,2,1.0,Brookland,750,5700,1925,,500,,Sold,,,https://www.redfin.com/DC/Washington/1323-Irving-St-NE-20017/home/10091708,BRIGHT MLS,DCDC2193448,N,Y,38.9285065,-76.9873686
PAST SALE,November-27-2024,Townhouse,704 I St SE,Washington,DC,20003,735000,2,2.0,Old City 1,1365,481,1912,,538,,Sold,,,https://www.redfin.com/DC/Washington/704-I-St-SE-20003/home/9901962,BRIGHT MLS,DCDC2164584,N,Y,38.8794483,-76.9958774
PAST SALE,January-7-2021,Townhouse,1707 Vermont Ave NW,Washington,DC,20009,684500,1,1.0,OLD CITY II,796,878,1865,,860,,Sold,,,https://www.redfin.com/DC/Washington/1707-Vermont-Ave-NW-20009/home/9875535,BRIGHT MLS,DCDC495246,N,Y,38.912906,-77.02735
PAST SALE,June-1-2022,Townhouse,212 Ascot Pl NE,Washington,DC,20002,715000,3,2.0,Brookland,1540,2000,1922,,464,,Sold,,,https://www.redfin.com/DC/Washington/212-Ascot-Pl-NE-20002/home/10074631,BRIGHT MLS,DCDC2047220,N,Y,38.920906,-77.0029416
PAST SALE,June-17-2024,Townhouse,95 Anacostia Ave NE,Washington,DC,20019,399999,4,2.0,Lily Ponds,2048,2150,1950,,195,,Sold,,,https://www.redfin.com/DC/Washington/95-Anacostia-Ave-NE-20019/home/10116233,BRIGHT MLS,DCDC2137378,N,Y,38.8906446,-76.9609084
PAST SALE,March-11-2021,Townhouse,1826 Corcoran St NW,Washington,DC,20009,1775000,5,4.5,OLD CITY II,2649,965,1900,,670,,Sold,,,https://www.redfin.com/DC/Washington/1826-Corcoran-St-NW-20009/home/166665053,BRIGHT MLS,DCDC505040,N,Y,38.9117862,-77.0426693
PAST SALE,September-16-2020,Townhouse,3804 Fort Lincoln Dr NE,Washington,DC,20018,645000,4,3.5,FORT LINCOLN,2136,1445,2016,,302,107,Sold,,,https://www.redfin.com/DC/Washington/3804-Fort-Lincoln-Dr-NE-20018/home/67208948,BRIGHT MLS,DCDC475088,N,Y,38.9224201,-76.9513094
PAST SALE,September-30-2022,Townhouse,1301 Trinidad Ave NE,Washington,DC,20002,1025000,4,3.5,Trinidad,2336,2635,1935,,439,,Sold,,,https://www.redfin.com/DC/Washington/1301-Trinidad-Ave-NE-20002/home/10096105,BRIGHT MLS,DCDC2063528,N,Y,38.9034108,-76.9858516
PAST SALE,April-15-2022,Townhouse,216 10th St NE,Washington,DC,20002,1755000,4,3.5,Old City 1,3036,2149,1907,,578,,Sold,,,https://www.redfin.com/DC/Washington/216-10th-St-NE-20002/home/9904468,BRIGHT MLS,DCDC2033988,N,Y,38.8926785,-76.9928758
PAST SALE,April-6-2021,Townhouse,907 12th St NE,Washington,DC,20002,1175000,4,3.5,OLD CITY I,2036,1345,1907,,577,,Sold,,,https://www.redfin.com/DC/Washington/907-12th-St-NE-20002/home/9909611,BRIGHT MLS,DCDC506204,N,Y,38.9016012,-76.9899966
PAST SALE,February-18-2025,Townhouse,774 Columbia Rd NW,Washington,DC,20001,799000,3,2.5,Columbia Heights,1379,800,1913,,579,,Sold,,,https://www.redfin.com/DC/Washington/774-Columbia-Rd-NW-20001/home/10032404,BRIGHT MLS,DCDC2173282,N,Y,38.9277653,-77.0252646
PAST SALE,July-12-2024,Townhouse,319 Nicholson St NE,Washington,DC,20011,680000,2,3.0,Riggs Park,1925,2596,1951,,353,,Sold,,,https://www.redfin.com/DC/Washington/319-Nicholson-St-NE-20011/home/10078481,BRIGHT MLS,DCDC2142806,N,Y,38.9603515,-77.0020839
PAST SALE,December-10-2021,Townhouse,1875 California St NW #4,Washington,DC,20009,630000,1,1.0,KALORAMA,694,,1909,,908,395,Sold,,,https://www.redfin.com/DC/Washington/1875-California-St-NW-20009/unit-4/home/11747484,BRIGHT MLS,DCDC2021274,N,Y,38.917979,-77.0441291
PAST SALE,November-20-2020,Townhouse,707 Jefferson St NW,Washington,DC,20011,522000,2,1.0,PETWORTH,928,1781,1915,,563,,Sold,,,https://www.redfin.com/DC/Washington/707-Jefferson-St-NW-20011/home/10052228,BRIGHT MLS,DCDC492130,N,Y,38.9554995,-77.0226105
PAST SALE,October-22-2021,Townhouse,3268 Theodore R Hagans Dr NE,Washington,DC,20018,720000,4,3.0,FORT LINCOLN,2250,2530,2008,,320,145,Sold,,,https://www.redfin.com/DC/Washington/3268-Theodore-R-Hagans-Dr-NE-20018/home/21646363,BRIGHT MLS,DCDC2007690,N,Y,38.9218457,-76.9594789
PAST SALE,December-30-2021,Townhouse,1815 L St NE,Washington,DC,20002,601000,2,1.0,TRINIDAD,840,3711,1926,,715,,Sold,,,https://www.redfin.com/DC/Washington/1815-L-St-NE-20002/home/10111064,BRIGHT MLS,DCDC2019542,N,Y,38.903553,-76.9775573
PAST SALE,May-28-2021,Townhouse,1136 Penn St NE,Washington,DC,20002,664000,3,1.5,TRINIDAD,1615,1384,1907,,411,,Sold,,,https://www.redfin.com/DC/Washington/1136-Penn-St-NE-20002/home/10095149,BRIGHT MLS,DCDC516772,N,Y,38.9068752,-76.9878971
PAST SALE,January-19-2023,Townhouse,1747 Lanier Pl NW,Washington,DC,20009,1400000,4,3.5,Mount Pleasant,3029,2844,1917,,462,,Sold,,,https://www.redfin.com/DC/Washington/1747-Lanier-Pl-NW-20009/unit-B/home/10006616,BRIGHT MLS,DCDC2075778,N,Y,38.9250152,-77.041705
PAST SALE,October-29-2021,Townhouse,802 Hilltop Ter SE,Washington,DC,20019,450000,2,2.0,FORT DUPONT PARK,1235,1720,1953,,364,,Sold,,,https://www.redfin.com/DC/Washington/802-Hilltop-Ter-SE-20019/home/10139623,BRIGHT MLS,DCDC2015506,N,Y,38.8798304,-76.9408513
PAST SALE,March-29-2024,Townhouse,623 E St SE,Washington,DC,20003,1950000,4,3.5,Capitol Hill,2456,2558,1890,,794,,Sold,,,https://www.redfin.com/DC/Washington/623-E-St-SE-20003/home/9900704,BRIGHT MLS,DCDC2128186,N,Y,38.8825527,-76.9975753
PAST SALE,November-13-2020,Single Family Residential,534 13th St NE,Washington,DC,20002,890000,4,3.0,OLD CITY I,1946,1025,1927,,457,,Sold,,,https://www.redfin.com/DC/Washington/534-13th-St-NE-20002/home/9910352,BRIGHT MLS,DCDC487986,N,Y,38.8969331,-76.9885401
PAST SALE,March-7-2022,Townhouse,420 Luray Pl NW,Washington,DC,20010,1000000,4,3.5,Columbia Heights,2144,3100,1908,,466,,Sold,,,https://www.redfin.com/DC/Washington/420-Luray-Pl-NW-20010/home/10043840,BRIGHT MLS,DCDC2029144,N,Y,38.931733,-77.0192695
PAST SALE,March-15-2022,Townhouse,209 62nd St NE,Washington,DC,20019,430000,3,2.0,Deanwood,1112,2156,1946,,387,,Sold,,,https://www.redfin.com/DC/Washington/209-62nd-St-NE-20019/home/10131848,BRIGHT MLS,DCDC2032008,N,Y,38.8923052,-76.9120835
PAST SALE,March-30-2021,Townhouse,3645 Winfield Ln NW,Washington,DC,20007,1700000,5,5.5,GEORGETOWN,3266,3562,1986,,521,185,Sold,,,https://www.redfin.com/DC/Washington/3645-Winfield-Ln-NW-20007/home/9932151,BRIGHT MLS,DCDC507896,N,Y,38.9120368,-77.0717737
PAST SALE,November-30-2021,Townhouse,4511 Illinois Ave NW,Washington,DC,20011,975000,4,3.5,PETWORTH,2052,1800,1923,,475,,Sold,,,https://www.redfin.com/DC/Washington/4511-Illinois-Ave-NW-20011/home/10058295,BRIGHT MLS,DCDC2001163,N,Y,38.945635,-77.0204736
PAST SALE,September-16-2021,Townhouse,409 36th St NE,Washington,DC,20019,450000,2,1.5,LILY PONDS,1057,1280,1941,,426,,Sold,,,https://www.redfin.com/DC/Washington/409-36th-St-NE-20019/home/10117828,BRIGHT MLS,DCDC2008218,N,Y,38.8950267,-76.9545741
PAST SALE,December-22-2023,Townhouse,141 Duddington Pl SE,Washington,DC,20003,940000,2,1.5,Capitol Hill,1548,891,1907,,607,,Sold,,,https://www.redfin.com/DC/Washington/141-Duddington-Pl-SE-20003/home/9890507,BRIGHT MLS,DCDC2119470,N,Y,38.8824552,-77.0045416
PAST SALE,August-15-2024,Townhouse,1838 Park Rd NW,Washington,DC,20010,1377000,4,2.0,Mount Pleasant,3801,2074,1909,,362,,Sold,,,https://www.redfin.com/DC/Washington/1838-Park-Rd-NW-20010/home/10009087,BRIGHT MLS,DCDC2139526,N,Y,38.9321258,-77.0430852
PAST SALE,October-26-2021,Townhouse,1119 4th St NE,Washington,DC,20002,1000000,3,2.5,OLD CITY I,2040,1800,1918,,490,,Sold,,,https://www.redfin.com/DC/Washington/1119-4th-St-NE-20002/home/9894726,BRIGHT MLS,DCDC2011728,N,Y,38.9043594,-77.0003494
PAST SALE,August-23-2021,Townhouse,526 13th St SE Unit A,Washington,DC,20003,869000,2,2.5,OLD CITY I,1898,,2004,,458,300,Sold,,,https://www.redfin.com/DC/Washington/526-13th-St-SE-20003/unit-A/home/10194195,BRIGHT MLS,DCDC2004258,N,Y,38.8820546,-76.98813
PAST SALE,November-30-2021,Townhouse,1947 39th St NW,Washington,DC,20007,1050000,3,2.0,BURLEITH,1568,1357,1939,,670,,Sold,,,https://www.redfin.com/DC/Washington/1947-39th-St-NW-20007/home/9936277,BRIGHT MLS,DCDC2001167,N,Y,38.9164711,-77.0754571
PAST SALE,August-14-2020,Townhouse,638 Orleans Pl NE,Washington,DC,20002,1030000,4,3.5,OLD CITY I,2300,1154,1901,,448,,Sold,,,https://www.redfin.com/DC/Washington/638-Orleans-Pl-NE-20002/home/10229472,BRIGHT MLS,DCDC477132,N,Y,38.9051257,-76.9971713
PAST SALE,December-22-2023,Townhouse,3435 14th St NW #2,Washington,DC,20010,380000,1,1.0,Columbia Heights,508,,1890,,748,199,Sold,,,https://www.redfin.com/DC/Washington/3435-14th-St-NW-20010/unit-2/home/144837358,BRIGHT MLS,DCDC2118300,N,Y,38.932793,-77.0324125
PAST SALE,July-20-2023,Townhouse,236 Warren St NE,Washington,DC,20002,825000,2,2.0,Old City 1,1196,1460,1917,,690,,Sold,,,https://www.redfin.com/DC/Washington/236-Warren-St-NE-20002/home/9913659,BRIGHT MLS,DCDC2098848,N,Y,38.8927581,-76.9866614
PAST SALE,June-28-2021,Townhouse,4008 5th St NW,Washington,DC,20011,975000,4,3.5,PETWORTH,2112,1789,1915,,462,,Sold,,,https://www.redfin.com/DC/Washington/4008-5th-St-NW-20011/home/10058927,BRIGHT MLS,DCDC521114,N,Y,38.940291,-77.0192848
PAST SALE,November-20-2020,Townhouse,1226 Linden Pl NE,Washington,DC,20002,827500,2,1.5,OLD CITY I,1459,848,1900,,567,,Sold,,,https://www.redfin.com/DC/Washington/1226-Linden-Pl-NE-20002/home/9909882,BRIGHT MLS,DCDC490838,N,Y,38.899705,-76.989187
PAST SALE,December-1-2020,Townhouse,622 Rock Creek Church Rd NW #2,Washington,DC,20010,755000,2,2.5,COLUMBIA HEIGHTS,1320,,1910,,572,296,Sold,,,https://www.redfin.com/DC/Washington/622-Rock-Creek-Church-Rd-NW-20010/unit-2/home/55188357,BRIGHT MLS,DCDC490716,N,Y,38.9369415,-77.0202813
PAST SALE,May-25-2021,Single Family Residential,331 56th St NE,Washington,DC,20019,469200,3,2.5,DEANWOOD,1407,2000,1910,,333,,Sold,,,https://www.redfin.com/DC/Washington/331-56th-St-NE-20019/home/10130837,BRIGHT MLS,DCDC516760,N,Y,38.8939438,-76.9206645
PAST SALE,February-12-2021,Townhouse,1815 M St NE,Washington,DC,20002,643000,3,2.5,TRINIDAD,1964,1386,1927,,327,,Sold,,,https://www.redfin.com/DC/Washington/1815-M-St-NE-20002/home/10110400,BRIGHT MLS,DCDC502512,N,Y,38.9053942,-76.9775713
PAST SALE,January-14-2022,Townhouse,2529 High St SE,Washington,DC,20020,345000,3,1.0,ANACOSTIA,1442,1829,1947,,239,,Sold,,,https://www.redfin.com/DC/Washington/2529-High-St-SE-20020/home/10159463,BRIGHT MLS,DCDC2018610,N,Y,38.8601696,-76.9893839
PAST SALE,July-5-2022,Single Family Residential,1626 U St SE,Washington,DC,20020,549000,3,2.0,Anacostia,1432,2928,1905,,383,,Sold,,,https://www.redfin.com/DC/Washington/1626-U-St-SE-20020/home/10157738,BRIGHT MLS,DCDC2052422,N,Y,38.8653483,-76.9811152
PAST SALE,June-30-2023,Single Family Residential,1211 Doewood Ln,Capitol Heights,MD,20743,408000,6,3.0,DEANWOOD PARK,1880,5737,1991,,217,,Sold,,,https://www.redfin.com/MD/Capitol-Heights/1211-Doewood-Ln-20743/home/11015499,BRIGHT MLS,MDPG2078750,N,Y,38.9071789,-76.9260432
PAST SALE,,Condo/Co-op,1605 S St NW #3,Washington,DC,20009,1310000,2,2.5,,1190,,1865,,1101,,,,,https://www.redfin.com/DC/Washington/1605-S-St-NW-20009/unit-3/home/55187223,,,N,Y,38.9143065,-77.0372681
PAST SALE,November-6-2020,Townhouse,613 Rhode Island Ave NW,Washington,DC,20001,680000,2,1.5,OLD CITY II,969,1315,1880,,702,,Sold,,,https://www.redfin.com/DC/Washington/613-Rhode-Island-Ave-NW-20001/home/9879137,BRIGHT MLS,DCDC487486,N,Y,38.9130676,-77.0205673
PAST SALE,March-1-2022,Townhouse,2132 Newport Pl NW,Washington,DC,20037,1335000,3,2.5,Central,1890,1192,1912,,706,,Sold,,,https://www.redfin.com/DC/Washington/2132-Newport-Pl-NW-20037/home/9051716,BRIGHT MLS,DCDC2030396,N,Y,38.9077812,-77.0476547
PAST SALE,July-31-2020,Townhouse,4802 Bass Pl SE,Washington,DC,20019,380000,3,2.0,MARSHALL HEIGHTS,1006,2160,1946,,378,,Sold,,,https://www.redfin.com/DC/Washington/4802-Bass-Pl-SE-20019/home/10135565,BRIGHT MLS,DCDC466906,N,Y,38.8868256,-76.9338885
PAST SALE,December-10-2021,Townhouse,6 Farragut Pl NW,Washington,DC,20011,645000,4,2.5,PETWORTH,1584,1512,1939,,407,,Sold,,,https://www.redfin.com/DC/Washington/6-Farragut-Pl-NW-20011/home/10069998,BRIGHT MLS,DCDC2019168,N,Y,38.9509317,-77.0092879
PAST SALE,May-23-2022,Townhouse,1919 D St NE,Washington,DC,20002,945000,3,3.5,Old City 1,1740,1965,1941,,543,,Sold,,,https://www.redfin.com/DC/Washington/1919-D-St-NE-20002/home/10115004,BRIGHT MLS,DCDC2038560,N,Y,38.894573,-76.9766264
PAST SALE,March-12-2021,Townhouse,611 Rhode Island Ave NW,Washington,DC,20001,710000,2,1.5,OLD CITY II,1072,1285,1880,,662,,Sold,,,https://www.redfin.com/DC/Washington/611-Rhode-Island-Ave-NW-20001/home/9879135,BRIGHT MLS,DCDC505556,N,Y,38.913069,-77.020545
PAST SALE,December-29-2021,Townhouse,2021 Rosedale St NE,Washington,DC,20002,545000,3,2.0,OLD CITY I,1120,945,1941,,487,,Sold,,,https://www.redfin.com/DC/Washington/2021-Rosedale-St-NE-20002/home/10113393,BRIGHT MLS,DCDC2020756,N,Y,38.8964907,-76.9755526
PAST SALE,August-26-2022,Townhouse,4808 Texas Ave SE,Washington,DC,20019,400000,3,2.5,FORT DUPONT PARK,1400,1800,1999,,286,,Sold,,,https://www.redfin.com/DC/Washington/4808-Texas-Ave-SE-20019/home/166663310,BRIGHT MLS,DCDC2053788,N,Y,38.8894371,-76.9390519
PAST SALE,September-15-2022,Townhouse,3426 Eads St NE,Washington,DC,20019,425000,2,2.0,Lily Ponds,1206,1506,1938,,352,,Sold,,,https://www.redfin.com/DC/Washington/3426-Eads-St-NE-20019/home/10117048,BRIGHT MLS,DCDC2063568,N,Y,38.8957037,-76.9565774
PAST SALE,June-8-2022,Townhouse,5063 6th Pl NE,Washington,DC,20017,565000,2,2.0,Brookland,1224,1995,1949,,462,,Sold,,,https://www.redfin.com/DC/Washington/5063-6th-Pl-NE-20017/home/10083606,BRIGHT MLS,DCDC2047230,N,Y,38.9515748,-76.9978545
PAST SALE,October-14-2022,Townhouse,206 58th St NE,Washington,DC,20019,505000,3,2.5,Deanwood,1840,2822,2006,,274,58,Sold,,,https://www.redfin.com/DC/Washington/206-58th-St-NE-20019/home/12529883,BRIGHT MLS,DCDC2060422,N,Y,38.8912283,-76.9180515
PAST SALE,November-6-2020,Single Family Residential,1604 Kearny St NE,Washington,DC,20018,715000,4,3.0,BROOKLAND,1992,6400,1920,,359,,Sold,,,https://www.redfin.com/DC/Washington/1604-Kearny-St-NE-20018/home/10099613,BRIGHT MLS,DCDC489668,N,Y,38.9311736,-76.9819702
PAST SALE,March-24-2021,Single Family Residential,4635 Eastern Ave,Hyattsville,MD,20782,650000,4,2.5,NORTH WOODRIDGE,2260,7260,2019,,288,,Sold,,,https://www.redfin.com/MD/Hyattsville/4635-Eastern-AVE-20782/home/174605636,BRIGHT MLS,MDPG595856,N,Y,38.94669,-76.97802
PAST SALE,August-15-2022,Townhouse,2221 13th St NW,Washington,DC,20009,1475000,3,2.5,Old City 2,2412,1200,1892,,612,,Sold,,,https://www.redfin.com/DC/Washington/2221-13th-St-NW-20009/home/9873424,BRIGHT MLS,DCDC2052890,N,Y,38.9198621,-77.0293409
PAST SALE,January-18-2022,Townhouse,5206 Illinois Ave NW,Washington,DC,20011,730000,3,2.0,PETWORTH,1899,1506,1912,,384,,Sold,,,https://www.redfin.com/DC/Washington/5206-Illinois-Ave-NW-20011/home/10040036,BRIGHT MLS,DCDC2022504,N,Y,38.9532594,-77.0258934
PAST SALE,March-15-2021,Townhouse,1812 Swann St NW,Washington,DC,20009,1410000,3,2.5,OLD CITY II,2016,1457,1976,,699,,Sold,,,https://www.redfin.com/DC/Washington/1812-Swann-St-NW-20009/home/9061622,BRIGHT MLS,DCDC506436,N,Y,38.914684,-77.0421851
PAST SALE,February-7-2022,Townhouse,817 Quackenbos St NW,Washington,DC,20011,770000,3,2.5,BRIGHTWOOD,1939,1820,1923,,397,,Sold,,,https://www.redfin.com/DC/Washington/817-Quackenbos-St-NW-20011/home/10038812,BRIGHT MLS,DCDC2001017,N,Y,38.9639628,-77.0251471
PAST SALE,May-28-2021,Townhouse,5023 7th Pl NW,Washington,DC,20011,925000,4,3.5,PETWORTH,2043,1620,1925,,453,,Sold,,,https://www.redfin.com/DC/Washington/5023-7th-Pl-NW-20011/home/10051809,BRIGHT MLS,DCDC516752,N,Y,38.9516141,-77.0227496
PAST SALE,February-14-2022,Townhouse,3244 15th Pl SE,Washington,DC,20020,490000,4,2.5,Randle Heights,1881,1842,2013,,260,68,Sold,,,https://www.redfin.com/DC/Washington/3244-15th-Pl-SE-20020/home/55185965,BRIGHT MLS,DCDC2026772,N,Y,38.8479487,-76.9824211
PAST SALE,February-25-2022,Townhouse,625 Kensington Pl NE,Washington,DC,20011,620000,4,2.5,Riggs Park,1502,2090,1952,,413,,Sold,,,https://www.redfin.com/DC/Washington/625-Kensington-Pl-NE-20011/home/10081332,BRIGHT MLS,DCDC2034486,N,Y,38.9578338,-76.9968446
PAST SALE,April-28-2021,Townhouse,819 3rd St SW,Washington,DC,20024,715000,3,2.0,R.L.A. SW,1413,,1961,,506,418,Sold,,,https://www.redfin.com/DC/Washington/819-3rd-St-SW-20024/home/181267333,BRIGHT MLS,DCDC512550,N,Y,38.880035,-77.01591
PAST SALE,May-22-2025,Townhouse,2205 Observatory Pl NW,Washington,DC,20007,1135000,3,2.0,Glover Park,1488,1472,1937,,763,,Sold,,,https://www.redfin.com/DC/Washington/2205-Observatory-Pl-NW-20007/home/9934949,BRIGHT MLS,DCDC2184624,N,Y,38.9194014,-77.0737024
PAST SALE,May-27-2021,Townhouse,754 Upsal St SE,Washington,DC,20032,475000,3,2.5,CONGRESS HEIGHTS,1744,2610,1947,,272,,Sold,,,https://www.redfin.com/DC/Washington/754-Upsal-St-SE-20032/home/10164939,BRIGHT MLS,DCDC517714,N,Y,38.8398236,-76.994491
PAST SALE,September-4-2020,Townhouse,4919 7th St NW,Washington,DC,20011,817000,4,3.5,PETWORTH,2000,1530,1927,,409,,Sold,,,https://www.redfin.com/DC/Washington/4919-7th-St-NW-20011/home/10057672,BRIGHT MLS,DCDC479542,N,Y,38.9504843,-77.0217748
PAST SALE,August-12-2021,Townhouse,1654 Gales St NE,Washington,DC,20002,800000,2,3.5,OLD CITY I,1520,3321,1925,,526,,Sold,,,https://www.redfin.com/DC/Washington/1654-Gales-St-NE-20002/home/10310701,BRIGHT MLS,DCDC2003256,N,Y,38.8983246,-76.9800137
PAST SALE,October-26-2020,Townhouse,2116 15th St SE,Washington,DC,20020,578888,3,2.0,ANACOSTIA,1432,1296,1905,,404,,Sold,,,https://www.redfin.com/DC/Washington/2116-15th-St-SE-20020/home/10158288,BRIGHT MLS,DCDC488054,N,Y,38.8641799,-76.98366
PAST SALE,June-28-2021,Single Family Residential,2728 30th St NE,Washington,DC,20018,575000,3,2.0,WOODRIDGE,1171,3750,1917,,491,,Sold,,,https://www.redfin.com/DC/Washington/2728-30th-St-NE-20018/home/10109010,BRIGHT MLS,DCDC522020,N,Y,38.9254234,-76.966788
PAST SALE,July-15-2022,Townhouse,1627 New Jersey Ave NW,Washington,DC,20001,775000,2,1.0,Old City 2,1815,1303,1900,,427,,Sold,,,https://www.redfin.com/DC/Washington/1627-New-Jersey-Ave-NW-20001/home/10177180,BRIGHT MLS,DCDC2053286,N,Y,38.9118851,-77.0167551
PAST SALE,September-3-2021,Townhouse,2205 Hartford St SE,Washington,DC,20020,399999,2,2.0,RANDLE HEIGHTS,1182,2115,1951,,338,,Sold,,,https://www.redfin.com/DC/Washington/2205-Hartford-St-SE-20020/home/10329251,BRIGHT MLS,DCDC2005410,N,Y,38.8539407,-76.97393
PAST SALE,October-9-2024,Townhouse,516 M St NE,Washington,DC,20002,1040000,3,2.5,Old City 1,1800,1760,1900,,578,,Sold,,,https://www.redfin.com/DC/Washington/516-M-St-NE-20002/home/9896331,BRIGHT MLS,DCDC2154466,N,Y,38.9058334,-76.998825
PAST SALE,March-8-2023,Single Family Residential,2966 Carlton Ave NE,Washington,DC,20018,1025000,6,4.0,Woodridge,3772,3399,1924,,272,,Sold,,,https://www.redfin.com/DC/Washington/2966-Carlton-Ave-NE-20018/home/10180391,BRIGHT MLS,DCDC2079684,N,Y,38.9300535,-76.9668547
PAST SALE,November-12-2021,Single Family Residential,323 4th St SE,Washington,DC,20003,1200000,3,2.5,CAPITOL HILL,2152,2000,1897,,558,,Sold,,,https://www.redfin.com/DC/Washington/323-4th-St-SE-20003/home/9894255,BRIGHT MLS,DCDC2016338,N,Y,38.8846489,-77.0008001
PAST SALE,March-31-2022,Townhouse,411 17th St NE Unit A,Washington,DC,20002,775000,3,3.5,Old City 1,1675,,2015,,463,380,Sold,,,https://www.redfin.com/DC/Washington/411-17th-St-NE-20002/unit-A/home/103793175,BRIGHT MLS,DCDC2037336,N,Y,38.8954978,-76.9804781
PAST SALE,July-17-2020,Townhouse,31 8th St NE,Washington,DC,20002,750000,2,1.5,CAPITOL HILL,936,887,1914,,801,,Sold,,,https://www.redfin.com/DC/Washington/31-8th-St-NE-20002/home/9903110,BRIGHT MLS,DCDC472500,N,Y,38.89072,-76.994672
PAST SALE,July-3-2021,Townhouse,520 Brummel Ct NW,Washington,DC,20012,500000,2,2.0,BRIGHTWOOD,1200,,1981,,417,231,Sold,,,https://www.redfin.com/DC/Washington/520-Brummel-Ct-NW-20012/home/181262199,BRIGHT MLS,DCDC526470,N,Y,38.9805629,-77.021775
PAST SALE,January-10-2022,Townhouse,414 Delafield Pl NW,Washington,DC,20011,795000,4,3.5,PETWORTH,1653,1312,1925,,481,,Sold,,,https://www.redfin.com/DC/Washington/414-Delafield-Pl-NW-20011/home/10060540,BRIGHT MLS,DCDC2019414,N,Y,38.9490652,-77.0180221
PAST SALE,July-24-2020,Single Family Residential,3405 Wheeler Rd SE,Washington,DC,20032,485000,5,3.5,CONGRESS HEIGHTS,2932,4360,2008,,165,,Sold,,,https://www.redfin.com/DC/Washington/3405-Wheeler-Rd-SE-20032/home/21648319,BRIGHT MLS,DCDC472002,N,Y,38.8403688,-76.9938948
PAST SALE,November-24-2021,Townhouse,607 Rittenhouse St NW,Washington,DC,20011,550000,3,1.5,BRIGHTWOOD,1054,1409,1925,,522,,Sold,,,https://www.redfin.com/DC/Washington/607-Rittenhouse-St-NW-20011/home/10055308,BRIGHT MLS,DCDC2018850,N,Y,38.9651229,-77.0215533
PAST SALE,May-18-2022,Townhouse,5422 8th St NE,Washington,DC,20011,725000,4,2.5,Riggs Park,1504,1870,1951,,482,,Sold,,,https://www.redfin.com/DC/Washington/5422-8th-St-NE-20011/home/166633440,BRIGHT MLS,DCDC2044310,N,Y,38.9569728,-76.9944053
PAST SALE,December-12-2024,Townhouse,1308 Park Rd NW,Washington,DC,20010,1135000,7,4.0,Columbia Heights,3996,1809,1900,,284,,Sold,,,https://www.redfin.com/DC/Washington/1308-Park-Rd-NW-20010/home/10028500,BRIGHT MLS,DCDC2165212,N,Y,38.9309075,-77.0302148
PAST SALE,November-18-2021,Townhouse,418 S Capitol SE,Washington,DC,20003,1141800,3,2.5,CAPITOL HILL,1278,1125,1890,,893,,Sold,,,https://www.redfin.com/DC/Washington/418-S-Capitol-St-SE-20003/home/9889785,BRIGHT MLS,DCDC2000695,N,Y,38.8845149,-77.008754
PAST SALE,June-27-2025,Townhouse,1670 40th St SE,Washington,DC,20020,432000,3,2.0,Fort Dupont Park,1632,1712,1946,,265,,Sold,,,https://www.redfin.com/DC/Washington/1670-40th-St-SE-20020/home/10144655,BRIGHT MLS,DCDC2195992,N,Y,38.8658558,-76.9465231
PAST SALE,June-23-2021,Single Family Residential,4004 Meade St NE,Washington,DC,20019,686100,4,2.5,LILY PONDS,2160,4190,1949,,318,,Sold,,,https://www.redfin.com/DC/Washington/4004-Meade-St-NE-20019/home/10119321,BRIGHT MLS,DCDC522348,N,Y,38.9058092,-76.9460542
PAST SALE,November-19-2020,Single Family Residential,4632 Kenmore Dr NW,Washington,DC,20007,1790000,5,4.5,BERKLEY,4700,5125,1987,,381,,Sold,,,https://www.redfin.com/DC/Washington/4632-Kenmore-Dr-NW-20007/home/9939618,BRIGHT MLS,DCDC489230,N,Y,38.912434,-77.0882116
PAST SALE,April-7-2023,Single Family Residential,1428 35th St SE,Washington,DC,20020,515000,4,3.0,Hillcrest,1377,5858,1962,,374,,Sold,,,https://www.redfin.com/DC/Washington/1428-35th-St-SE-20020/home/10145202,BRIGHT MLS,DCDC2083928,N,Y,38.8717757,-76.9552367
PAST SALE,February-8-2022,Townhouse,26 Crittenden St NE,Washington,DC,20011,515000,2,1.0,BROOKLAND,1320,1920,1939,,390,,Sold,,,https://www.redfin.com/DC/Washington/26-Crittenden-St-NE-20011/home/10077686,BRIGHT MLS,DCDC2028822,N,Y,38.9484035,-77.007716
PAST SALE,July-23-2020,Townhouse,102 15th St SE,Washington,DC,20003,950000,4,3.0,OLD CITY I,2060,1082,1908,,461,,Sold,,,https://www.redfin.com/DC/Washington/102-15th-St-SE-20003/home/9918688,BRIGHT MLS,DCDC470126,N,Y,38.8884604,-76.9834329
PAST SALE,November-15-2024,Townhouse,1842 E East West Hwy #1842,Silver Spring,MD,20910,310000,2,1.0,CHEVY CHASE CREST,750,,1950,,413,480,Sold,,,https://www.redfin.com/MD/Silver-Spring/1842-East-West-Hwy-20910/home/28906221,BRIGHT MLS,MDMC2149116,N,Y,38.9957481,-77.0405233
PAST SALE,September-4-2020,Single Family Residential,3085 Clinton St NE,Washington,DC,20018,775000,4,3.5,WOODRIDGE,2065,4807,1954,,375,,Sold,,,https://www.redfin.com/DC/Washington/3085-Clinton-St-NE-20018/home/10106489,BRIGHT MLS,DCDC479320,N,Y,38.9323313,-76.9638915
PAST SALE,June-11-2021,Single Family Residential,837 Shepherd St NW #1,Washington,DC,20011,565000,2,2.0,PETWORTH,1000,,1910,,565,184,Sold,,,https://www.redfin.com/DC/Washington/837-Shepherd-St-NW-20011/unit-1/home/96401982,BRIGHT MLS,DCDC519126,N,Y,38.9399219,-77.0245157
PAST SALE,July-15-2025,Townhouse,5724 4th St NW,Washington,DC,20011,825000,4,3.5,Brightwood,3164,3265,1930,,261,,Sold,,,https://www.redfin.com/DC/Washington/5724-4th-St-NW-20011/home/10061823,BRIGHT MLS,DCDC2187812,N,Y,38.9597691,-77.0183367
PAST SALE,March-19-2021,Townhouse,3422 24th St SE,Washington,DC,20020,399900,2,2.0,RANDLE HEIGHTS,1110,2034,1946,,360,,Sold,,,https://www.redfin.com/DC/Washington/3422-24th-St-SE-20020/home/10156530,BRIGHT MLS,DCDC496566,N,Y,38.8472114,-76.9699194
PAST SALE,August-31-2020,Single Family Residential,6510 8th St NW,Washington,DC,20012,755000,4,3.5,BRIGHTWOOD,2306,4000,1923,,327,,Sold,,,https://www.redfin.com/DC/Washington/6510-8th-St-NW-20012/home/10038228,BRIGHT MLS,DCDC477840,N,Y,38.9689707,-77.0244677
PAST SALE,December-8-2023,Townhouse,1546 3rd St NW,Washington,DC,20001,475000,3,1.0,Old City 2,1384,1441,1900,,343,,Sold,,,https://www.redfin.com/DC/Washington/1546-3rd-St-NW-20001/home/9884705,BRIGHT MLS,DCDC2113120,N,Y,38.9107603,-77.0153764
PAST SALE,June-10-2022,Townhouse,1227 Wylie St NE,Washington,DC,20002,610000,2,1.0,Old City 1,998,655,1901,,611,,Sold,,,https://www.redfin.com/DC/Washington/1227-Wylie-St-NE-20002/home/9909784,BRIGHT MLS,DCDC2048276,N,Y,38.900698,-76.9892374
PAST SALE,,Single Family Residential,3705 Jenifer St NW,Washington,DC,20015,1286000,3,2.5,,1794,5782,1938,,717,,,,,https://www.redfin.com/DC/Washington/3705-Jenifer-St-NW-20015/home/9971285,,,N,Y,38.9592096,-77.0703917
PAST SALE,October-13-2022,Townhouse,123 56th St SE,Washington,DC,20019,355000,3,1.5,Deanwood,1646,2748,1951,,216,,Sold,,,https://www.redfin.com/DC/Washington/123-56th-St-SE-20019/home/10132415,BRIGHT MLS,DCDC2064866,N,Y,38.886948,-76.9213499
PAST SALE,December-31-2021,Townhouse,124 Taussig Pl NE,Washington,DC,20011,570000,3,2.0,BROOKLAND,1594,2050,1951,,358,,Sold,,,https://www.redfin.com/DC/Washington/124-Taussig-Pl-NE-20011/home/10076893,BRIGHT MLS,DCDC2011716,N,Y,38.9416681,-77.0050711
PAST SALE,November-15-2024,Townhouse,4305 3rd St NW,Washington,DC,20011,925000,4,3.5,Petworth,2058,1670,1923,,449,,Sold,,,https://www.redfin.com/DC/Washington/4305-3rd-St-NW-20011/home/10065236,BRIGHT MLS,DCDC2160142,N,Y,38.9434831,-77.0152234
PAST SALE,April-19-2022,Single Family Residential,4439 Alton Pl NW,Washington,DC,20016,930000,2,1.5,American University,1120,2040,1907,,830,,Sold,,,https://www.redfin.com/DC/Washington/4439-Alton-Pl-NW-20016/home/9949633,BRIGHT MLS,DCDC2037838,N,Y,38.9472557,-77.087797
PAST SALE,December-13-2022,Townhouse,716 Fairmont St NW,Washington,DC,20001,675000,3,2.0,Columbia Heights,1104,1344,1926,,611,,Sold,,,https://www.redfin.com/DC/Washington/716-Fairmont-St-NW-20001/home/10031537,BRIGHT MLS,DCDC2074100,N,Y,38.9249099,-77.023283
PAST SALE,July-19-2022,Single Family Residential,4535 Q St NW,Washington,DC,20007,1155000,4,3.5,Palisades,2361,3367,1941,,489,,Sold,,,https://www.redfin.com/DC/Washington/4535-Q-St-NW-20007/home/9939806,BRIGHT MLS,DCDC2055250,N,Y,38.9095337,-77.0862824
PAST SALE,October-29-2021,Townhouse,1422 Duncan St NE,Washington,DC,20002,749000,2,2.5,OLD CITY I,1140,1136,1927,,657,,Sold,,,https://www.redfin.com/DC/Washington/1422-Duncan-St-NE-20002/home/9916189,BRIGHT MLS,DCDC2012198,N,Y,38.8955612,-76.9845083
PAST SALE,February-23-2023,Townhouse,609 Totten Mews NE,Washington,DC,20017,710000,3,3.5,Brookland,1896,1800,2017,,374,220,Sold,,,https://www.redfin.com/DC/Washington/609-Totten-Mews-NE-20017/home/145427687,BRIGHT MLS,DCDC2079196,N,Y,38.948383,-76.9987079
PAST SALE,March-9-2021,Townhouse,4009 1st St SW,Washington,DC,20032,422500,3,2.5,CONGRESS HEIGHTS,1192,2501,1941,,354,,Sold,,,https://www.redfin.com/DC/Washington/4009-1st-St-SW-20032/home/10169549,BRIGHT MLS,DCDC503306,N,Y,38.8315058,-77.0115659
PAST SALE,August-31-2022,Townhouse,1522 North Carolina Ave NE,Washington,DC,20002,639000,2,1.0,Old City 1,847,1053,1911,,754,,Sold,,,https://www.redfin.com/DC/Washington/1522-N-Carolina-Ave-NE-20002/home/9918338,BRIGHT MLS,DCDC2051104,N,Y,38.8930378,-76.9830304
PAST SALE,September-30-2020,Townhouse,2603 Sherman Ave NW,Washington,DC,20001,770000,2,3.0,COLUMBIA HEIGHTS,1535,875,1912,,502,,Sold,,,https://www.redfin.com/DC/Washington/2603-Sherman-Ave-NW-20001/home/10031369,BRIGHT MLS,DCDC483452,N,Y,38.9240943,-77.0252823
PAST SALE,April-6-2022,Townhouse,202 Randolph Pl NE #2,Washington,DC,20002,814000,3,3.0,Eckington,1318,,1935,,618,225,Sold,,,https://www.redfin.com/DC/Washington/202-Randolph-Pl-NE-20002/unit-2/home/171722236,BRIGHT MLS,DCDC2039596,N,Y,38.9135278,-77.003214
PAST SALE,October-18-2021,Townhouse,6335 North Capitol St NE,Washington,DC,20011,601000,3,1.5,TAKOMA,1532,3524,1947,,392,,Sold,,,https://www.redfin.com/DC/Washington/6335-N-Capitol-St-NE-20011/home/10079247,BRIGHT MLS,DCDC2013408,N,Y,38.9671815,-77.0088428
PAST SALE,November-1-2021,Townhouse,1921 Otis St NE,Washington,DC,20018,623000,3,2.0,WOODRIDGE,1544,2974,1929,,403,,Sold,,,https://www.redfin.com/DC/Washington/1921-Otis-St-NE-20018/home/10101959,BRIGHT MLS,DCDC2016680,N,Y,38.934853,-76.9772142
PAST SALE,,Townhouse,1801 Bay St SE,Washington,DC,20003,1085000,3,3.0,,1436,1572,1925,,756,,,,,https://www.redfin.com/DC/Washington/1801-Bay-St-SE-20003/home/9922186,,,N,Y,38.8866851,-76.978825
